name,RMSD,TMscore,ID
id_37_unrelaxed_rank_2_model_5,1.35,0.93536,0.342
id_79_unrelaxed_rank_1_model_2,2.62,0.80423,0.247
id_91_unrelaxed_rank_4_model_3,1.96,0.90216,0.335
id_33_unrelaxed_rank_2_model_5,1.13,0.9535,0.348
id_79_unrelaxed_rank_3_model_3,3.42,0.73775,0.24
id_52_unrelaxed_rank_4_model_2,1.84,0.83877,0.221
id_21_unrelaxed_rank_1_model_4,1.26,0.94105,0.353
id_71_unrelaxed_rank_4_model_3,2.1,0.82545,0.273
id_5_unrelaxed_rank_4_model_2,1.83,0.91805,0.376
id_51_unrelaxed_rank_3_model_5,1.46,0.92855,0.348
id_46_unrelaxed_rank_3_model_3,1.5,0.93015,0.456
id_23_unrelaxed_rank_2_model_5,1.41,0.93236,0.367
id_97_unrelaxed_rank_1_model_4,1.47,0.93013,0.318
id_51_unrelaxed_rank_5_model_3,1.35,0.93711,0.348
id_25_unrelaxed_rank_4_model_2,2.8,0.75143,0.218
id_59_unrelaxed_rank_5_model_3,1.65,0.9151,0.399
id_21_unrelaxed_rank_5_model_1,1.34,0.93523,0.353
id_60_unrelaxed_rank_4_model_2,1.23,0.9492,0.391
id_4_unrelaxed_rank_1_model_4,1.85,0.87871,0.266
id_67_unrelaxed_rank_2_model_4,2.84,0.71391,0.186
id_31_unrelaxed_rank_3_model_5,1.32,0.93091,0.335
id_69_unrelaxed_rank_3_model_4,1.68,0.91433,0.274
id_8_unrelaxed_rank_5_model_3,1.79,0.88573,0.271
id_83_unrelaxed_rank_3_model_3,1.41,0.9329,0.323
id_25_unrelaxed_rank_2_model_5,2.53,0.75885,0.189
id_92_unrelaxed_rank_5_model_3,3.62,0.54801,0.137
id_31_unrelaxed_rank_4_model_1,1.54,0.90136,0.295
id_77_unrelaxed_rank_5_model_1,1.46,0.92143,0.361
id_38_unrelaxed_rank_2_model_4,2.41,0.81383,0.277
id_26_unrelaxed_rank_5_model_1,2.51,0.80379,0.2
id_35_unrelaxed_rank_5_model_3,1.34,0.93487,0.41
id_99_unrelaxed_rank_4_model_4,1.3,0.95352,0.433
id_80_unrelaxed_rank_2_model_3,1.33,0.93494,0.374
id_83_unrelaxed_rank_1_model_4,1.41,0.93463,0.323
id_97_unrelaxed_rank_3_model_5,1.59,0.92192,0.318
id_82_unrelaxed_rank_2_model_2,3.01,0.67573,0.204
id_91_unrelaxed_rank_3_model_1,1.84,0.91491,0.335
id_38_unrelaxed_rank_3_model_1,2.14,0.87151,0.297
id_58_unrelaxed_rank_2_model_5,1.96,0.85876,0.333
id_48_unrelaxed_rank_5_model_1,2.31,0.82407,0.315
id_92_unrelaxed_rank_3_model_5,3.82,0.54744,0.171
id_96_unrelaxed_rank_5_model_3,3.24,0.74419,0.248
id_85_unrelaxed_rank_3_model_2,1.41,0.92393,0.321
id_87_unrelaxed_rank_2_model_5,2.18,0.87765,0.342
id_20_unrelaxed_rank_5_model_1,2.83,0.75617,0.211
id_96_unrelaxed_rank_2_model_5,1.91,0.88252,0.224
id_63_unrelaxed_rank_4_model_5,1.56,0.92433,0.282
id_61_unrelaxed_rank_2_model_4,2.21,0.87296,0.316
id_96_unrelaxed_rank_3_model_2,2.39,0.83439,0.237
id_20_unrelaxed_rank_4_model_3,2.11,0.84744,0.242
id_22_unrelaxed_rank_1_model_5,1.11,0.95088,0.433
id_2_unrelaxed_rank_5_model_5,1.92,0.88118,0.362
id_38_unrelaxed_rank_4_model_2,2.07,0.86431,0.279
id_75_unrelaxed_rank_2_model_3,3.49,0.68033,0.206
id_81_unrelaxed_rank_2_model_5,1.72,0.90452,0.323
id_54_unrelaxed_rank_5_model_1,1.21,0.95112,0.399
id_94_unrelaxed_rank_4_model_5,1.8,0.9178,0.232
id_84_unrelaxed_rank_5_model_4,2.75,0.78505,0.247
id_74_unrelaxed_rank_3_model_3,2.19,0.84802,0.219
id_50_unrelaxed_rank_5_model_1,2.19,0.81295,0.229
id_30_unrelaxed_rank_2_model_5,1.69,0.91623,0.291
id_0_unrelaxed_rank_4_model_3,1.5,0.92557,0.28
id_78_unrelaxed_rank_2_model_3,1.53,0.92428,0.401
id_67_unrelaxed_rank_3_model_2,2.77,0.70895,0.186
id_83_unrelaxed_rank_2_model_2,1.34,0.93912,0.323
id_40_unrelaxed_rank_5_model_1,1.64,0.88855,0.188
id_13_unrelaxed_rank_2_model_5,1.72,0.90745,0.355
id_12_unrelaxed_rank_1_model_4,1.65,0.92132,0.392
id_99_unrelaxed_rank_3_model_2,1.27,0.9499,0.433
id_11_unrelaxed_rank_2_model_3,0.88,0.96982,0.506
id_69_unrelaxed_rank_2_model_2,1.63,0.92014,0.274
id_30_unrelaxed_rank_3_model_1,1.61,0.92594,0.291
id_61_unrelaxed_rank_1_model_5,2.1,0.87977,0.316
id_62_unrelaxed_rank_4_model_4,1.35,0.93478,0.266
id_22_unrelaxed_rank_2_model_4,1.1,0.95153,0.433
id_55_unrelaxed_rank_5_model_2,1.76,0.89606,0.288
id_90_unrelaxed_rank_2_model_2,1.51,0.92676,0.342
id_12_unrelaxed_rank_3_model_2,1.95,0.90866,0.392
id_22_unrelaxed_rank_3_model_3,1.38,0.93255,0.417
id_15_unrelaxed_rank_5_model_2,2.52,0.78024,0.173
id_25_unrelaxed_rank_3_model_1,2.84,0.75479,0.189
id_8_unrelaxed_rank_2_model_5,1.59,0.90606,0.277
id_19_unrelaxed_rank_4_model_5,1.54,0.92427,0.305
id_51_unrelaxed_rank_4_model_1,1.27,0.94394,0.348
id_88_unrelaxed_rank_1_model_5,2.28,0.85896,0.263
id_72_unrelaxed_rank_3_model_3,1.68,0.91778,0.278
id_4_unrelaxed_rank_2_model_5,1.89,0.8862,0.266
id_36_unrelaxed_rank_2_model_5,1.36,0.93791,0.38
id_9_unrelaxed_rank_5_model_1,1.68,0.92091,0.388
id_2_unrelaxed_rank_3_model_4,1.37,0.93021,0.382
id_89_unrelaxed_rank_1_model_4,1.9,0.85484,0.27
id_90_unrelaxed_rank_1_model_5,1.57,0.9254,0.342
id_5_unrelaxed_rank_3_model_5,1.81,0.91792,0.376
id_65_unrelaxed_rank_3_model_5,1.39,0.93718,0.304
id_14_unrelaxed_rank_1_model_4,1.21,0.95058,0.273
id_9_unrelaxed_rank_1_model_5,1.3,0.94156,0.388
id_24_unrelaxed_rank_5_model_1,1.53,0.93143,0.38
id_69_unrelaxed_rank_1_model_5,1.65,0.91878,0.274
id_92_unrelaxed_rank_4_model_4,3.41,0.5859,0.158
id_68_unrelaxed_rank_3_model_1,2.97,0.70869,0.169
id_48_unrelaxed_rank_3_model_4,1.61,0.87275,0.329
id_66_unrelaxed_rank_3_model_3,1.7,0.88987,0.3
id_95_unrelaxed_rank_5_model_1,1.51,0.90089,0.26
id_70_unrelaxed_rank_4_model_3,1.64,0.88082,0.212
id_8_unrelaxed_rank_4_model_1,1.43,0.91932,0.277
id_45_unrelaxed_rank_3_model_3,2.02,0.89688,0.268
id_66_unrelaxed_rank_1_model_5,1.56,0.92288,0.376
id_88_unrelaxed_rank_2_model_1,2.11,0.87397,0.263
id_4_unrelaxed_rank_3_model_1,1.84,0.88034,0.266
id_88_unrelaxed_rank_5_model_2,2.74,0.8006,0.263
id_21_unrelaxed_rank_4_model_2,1.3,0.93862,0.353
id_56_unrelaxed_rank_1_model_4,3.07,0.71732,0.358
id_98_unrelaxed_rank_3_model_2,1.45,0.93143,0.348
id_31_unrelaxed_rank_2_model_3,1.21,0.94167,0.335
id_22_unrelaxed_rank_5_model_1,1.18,0.94628,0.433
id_0_unrelaxed_rank_5_model_1,1.51,0.92512,0.28
id_50_unrelaxed_rank_3_model_5,2.21,0.84787,0.214
id_95_unrelaxed_rank_4_model_2,1.49,0.9024,0.26
id_99_unrelaxed_rank_5_model_1,1.39,0.94259,0.433
id_70_unrelaxed_rank_3_model_1,1.54,0.9104,0.239
id_2_unrelaxed_rank_4_model_1,1.42,0.92747,0.369
id_3_unrelaxed_rank_1_model_4,1.37,0.93302,0.276
id_28_unrelaxed_rank_1_model_3,1.86,0.87795,0.196
id_23_unrelaxed_rank_1_model_4,1.14,0.95016,0.367
id_37_unrelaxed_rank_4_model_3,1.79,0.90933,0.342
id_86_unrelaxed_rank_4_model_3,1.51,0.92305,0.293
id_9_unrelaxed_rank_2_model_4,1.55,0.91815,0.371
id_79_unrelaxed_rank_2_model_4,2.5,0.83,0.248
id_21_unrelaxed_rank_3_model_5,1.32,0.93621,0.353
id_74_unrelaxed_rank_4_model_4,2.32,0.84904,0.231
id_13_unrelaxed_rank_3_model_2,1.67,0.91275,0.361
id_57_unrelaxed_rank_3_model_1,1.36,0.94047,0.31
id_13_unrelaxed_rank_1_model_4,1.51,0.91969,0.368
id_47_unrelaxed_rank_4_model_3,2.19,0.80126,0.232
id_5_unrelaxed_rank_2_model_4,1.76,0.92234,0.376
id_55_unrelaxed_rank_2_model_3,1.93,0.83956,0.267
id_7_unrelaxed_rank_2_model_3,1.7,0.88448,0.307
id_98_unrelaxed_rank_5_model_1,1.47,0.9289,0.348
id_8_unrelaxed_rank_3_model_2,1.64,0.90433,0.258
id_63_unrelaxed_rank_2_model_3,1.35,0.93649,0.282
id_78_unrelaxed_rank_5_model_2,1.63,0.9145,0.401
id_93_unrelaxed_rank_3_model_2,1.84,0.90836,0.342
id_72_unrelaxed_rank_5_model_1,1.74,0.91504,0.278
id_81_unrelaxed_rank_5_model_1,1.72,0.90564,0.333
id_64_unrelaxed_rank_4_model_3,1.4,0.93134,0.323
id_53_unrelaxed_rank_5_model_1,1.67,0.91264,0.318
id_86_unrelaxed_rank_3_model_1,1.39,0.93525,0.31
id_43_unrelaxed_rank_2_model_5,1.89,0.82854,0.264
id_76_unrelaxed_rank_4_model_3,1.82,0.86644,0.342
id_73_unrelaxed_rank_3_model_3,2.29,0.86055,0.259
id_52_unrelaxed_rank_5_model_3,2.1,0.84293,0.218
id_85_unrelaxed_rank_2_model_4,1.82,0.90131,0.318
id_39_unrelaxed_rank_3_model_3,1.48,0.92963,0.376
id_36_unrelaxed_rank_1_model_4,1.3,0.94382,0.38
id_71_unrelaxed_rank_3_model_4,1.78,0.86095,0.349
id_73_unrelaxed_rank_4_model_2,2.27,0.86417,0.259
id_16_unrelaxed_rank_4_model_2,2.08,0.87137,0.344
id_51_unrelaxed_rank_1_model_4,1.29,0.94163,0.348
id_52_unrelaxed_rank_3_model_1,2.17,0.82359,0.219
id_7_unrelaxed_rank_3_model_5,1.64,0.89064,0.307
id_17_unrelaxed_rank_1_model_2,1.43,0.92419,0.281
id_95_unrelaxed_rank_2_model_3,1.37,0.91252,0.273
id_7_unrelaxed_rank_4_model_2,1.73,0.87878,0.307
id_29_unrelaxed_rank_5_model_1,1.31,0.94266,0.335
id_27_unrelaxed_rank_1_model_4,1.47,0.93215,0.335
id_34_unrelaxed_rank_5_model_2,1.62,0.91795,0.297
id_43_unrelaxed_rank_5_model_1,2.07,0.8523,0.252
id_86_unrelaxed_rank_5_model_2,1.4,0.93042,0.293
id_40_unrelaxed_rank_4_model_2,1.56,0.89413,0.201
id_44_unrelaxed_rank_1_model_4,1.28,0.94309,0.329
id_99_unrelaxed_rank_1_model_5,1.35,0.94935,0.433
id_32_unrelaxed_rank_5_model_2,3.8,0.57147,0.176
id_29_unrelaxed_rank_4_model_2,1.33,0.94034,0.335
id_41_unrelaxed_rank_4_model_2,1.42,0.92819,0.285
id_13_unrelaxed_rank_4_model_3,1.92,0.87858,0.357
id_40_unrelaxed_rank_3_model_5,1.62,0.88975,0.208
id_83_unrelaxed_rank_4_model_5,1.38,0.93404,0.323
id_3_unrelaxed_rank_5_model_2,1.57,0.91091,0.252
id_39_unrelaxed_rank_5_model_1,1.21,0.94717,0.376
id_0_unrelaxed_rank_1_model_4,1.45,0.93188,0.28
id_38_unrelaxed_rank_1_model_3,2.44,0.81326,0.277
id_17_unrelaxed_rank_3_model_5,1.31,0.93306,0.279
id_18_unrelaxed_rank_3_model_2,1.63,0.92312,0.373
id_36_unrelaxed_rank_4_model_3,1.49,0.92632,0.38
id_59_unrelaxed_rank_1_model_4,1.45,0.93682,0.399
id_65_unrelaxed_rank_2_model_3,1.41,0.938,0.304
id_18_unrelaxed_rank_5_model_1,1.25,0.94501,0.373
id_93_unrelaxed_rank_4_model_1,1.56,0.92179,0.342
id_64_unrelaxed_rank_5_model_1,1.4,0.93132,0.323
id_50_unrelaxed_rank_2_model_2,2.13,0.83857,0.225
id_41_unrelaxed_rank_2_model_5,1.47,0.92454,0.285
id_15_unrelaxed_rank_1_model_4,1.99,0.854,0.207
id_53_unrelaxed_rank_1_model_2,1.9,0.89799,0.318
id_97_unrelaxed_rank_4_model_1,1.53,0.92519,0.318
id_90_unrelaxed_rank_5_model_1,1.73,0.90941,0.342
id_91_unrelaxed_rank_1_model_5,1.83,0.9211,0.335
id_54_unrelaxed_rank_4_model_2,1.53,0.93025,0.399
id_24_unrelaxed_rank_1_model_4,1.42,0.9312,0.369
id_11_unrelaxed_rank_4_model_1,0.94,0.96662,0.506
id_33_unrelaxed_rank_5_model_3,1.7,0.87614,0.353
id_95_unrelaxed_rank_1_model_4,1.23,0.94545,0.291
id_84_unrelaxed_rank_4_model_1,2.36,0.82704,0.243
id_74_unrelaxed_rank_1_model_5,2.22,0.85742,0.237
id_68_unrelaxed_rank_5_model_2,3.14,0.68847,0.165
id_26_unrelaxed_rank_1_model_4,2.29,0.80706,0.194
id_64_unrelaxed_rank_1_model_4,1.39,0.92994,0.323
id_71_unrelaxed_rank_1_model_2,1.83,0.85323,0.352
id_49_unrelaxed_rank_1_model_4,1.5,0.92985,0.272
id_15_unrelaxed_rank_3_model_1,2.0,0.85577,0.23
id_19_unrelaxed_rank_5_model_3,2.21,0.81952,0.245
id_12_unrelaxed_rank_5_model_3,1.71,0.91711,0.392
id_49_unrelaxed_rank_5_model_3,2.55,0.87299,0.237
id_35_unrelaxed_rank_2_model_5,1.5,0.92376,0.41
id_27_unrelaxed_rank_3_model_2,1.41,0.93709,0.335
id_55_unrelaxed_rank_3_model_5,1.4,0.93396,0.331
id_5_unrelaxed_rank_1_model_3,1.83,0.91833,0.376
id_52_unrelaxed_rank_1_model_4,2.16,0.84592,0.27
id_3_unrelaxed_rank_3_model_1,1.37,0.93215,0.276
id_6_unrelaxed_rank_1_model_4,1.52,0.93126,0.323
id_32_unrelaxed_rank_3_model_3,3.06,0.61967,0.158
id_73_unrelaxed_rank_2_model_5,2.37,0.86156,0.259
id_26_unrelaxed_rank_4_model_2,2.5,0.79982,0.2
id_30_unrelaxed_rank_5_model_3,1.68,0.91395,0.304
id_89_unrelaxed_rank_5_model_5,1.78,0.85225,0.265
id_60_unrelaxed_rank_2_model_5,1.21,0.94831,0.391
id_64_unrelaxed_rank_3_model_2,1.42,0.93023,0.323
id_85_unrelaxed_rank_1_model_5,1.47,0.92433,0.331
id_48_unrelaxed_rank_1_model_3,1.84,0.85018,0.315
id_57_unrelaxed_rank_2_model_4,1.67,0.91611,0.31
id_35_unrelaxed_rank_4_model_1,1.49,0.92756,0.41
id_86_unrelaxed_rank_1_model_4,1.31,0.94112,0.31
id_33_unrelaxed_rank_4_model_1,1.23,0.94672,0.348
id_42_unrelaxed_rank_4_model_1,1.01,0.9627,0.557
id_16_unrelaxed_rank_5_model_3,1.83,0.86091,0.309
id_89_unrelaxed_rank_3_model_2,2.26,0.81761,0.265
id_62_unrelaxed_rank_5_model_2,1.7,0.90756,0.266
id_37_unrelaxed_rank_3_model_1,1.85,0.90188,0.34
id_77_unrelaxed_rank_2_model_4,1.45,0.92177,0.361
id_62_unrelaxed_rank_2_model_5,1.47,0.92702,0.266
id_45_unrelaxed_rank_1_model_4,1.54,0.91981,0.268
id_43_unrelaxed_rank_4_model_4,1.79,0.84681,0.262
id_60_unrelaxed_rank_1_model_4,1.24,0.94677,0.391
id_20_unrelaxed_rank_2_model_5,2.47,0.82477,0.247
id_47_unrelaxed_rank_1_model_4,1.78,0.89253,0.303
id_81_unrelaxed_rank_3_model_2,1.71,0.91041,0.333
id_78_unrelaxed_rank_1_model_5,1.23,0.94532,0.401
id_96_unrelaxed_rank_4_model_4,1.6,0.9114,0.242
id_60_unrelaxed_rank_3_model_3,1.2,0.95124,0.391
id_88_unrelaxed_rank_3_model_4,2.09,0.8704,0.263
id_54_unrelaxed_rank_1_model_5,1.52,0.93,0.399
id_94_unrelaxed_rank_1_model_4,2.03,0.88506,0.217
id_5_unrelaxed_rank_5_model_1,1.85,0.9188,0.376
id_94_unrelaxed_rank_5_model_3,3.19,0.79288,0.223
id_15_unrelaxed_rank_4_model_3,2.25,0.83742,0.235
id_46_unrelaxed_rank_1_model_4,1.08,0.95561,0.449
id_24_unrelaxed_rank_3_model_2,1.69,0.91601,0.369
id_11_unrelaxed_rank_5_model_2,0.95,0.96653,0.506
id_21_unrelaxed_rank_2_model_3,1.34,0.93371,0.353
id_12_unrelaxed_rank_4_model_1,2.04,0.90374,0.392
id_6_unrelaxed_rank_3_model_5,1.64,0.91917,0.323
id_47_unrelaxed_rank_2_model_5,1.64,0.91031,0.32
id_10_unrelaxed_rank_1_model_4,1.43,0.93609,0.297
id_72_unrelaxed_rank_1_model_4,1.77,0.91228,0.278
id_93_unrelaxed_rank_2_model_5,1.53,0.92522,0.342
id_18_unrelaxed_rank_2_model_5,1.1,0.95378,0.361
id_42_unrelaxed_rank_2_model_4,1.21,0.95189,0.557
id_6_unrelaxed_rank_2_model_2,1.67,0.9172,0.323
id_4_unrelaxed_rank_4_model_2,1.66,0.9027,0.266
id_43_unrelaxed_rank_3_model_3,1.72,0.83331,0.264
id_86_unrelaxed_rank_2_model_5,1.37,0.93619,0.31
id_19_unrelaxed_rank_3_model_1,1.65,0.91436,0.305
id_23_unrelaxed_rank_3_model_1,1.26,0.94345,0.367
id_93_unrelaxed_rank_1_model_4,1.7,0.91378,0.342
id_20_unrelaxed_rank_3_model_2,2.28,0.83574,0.242
id_49_unrelaxed_rank_2_model_2,1.71,0.9137,0.272
id_52_unrelaxed_rank_2_model_5,1.46,0.8572,0.222
id_38_unrelaxed_rank_5_model_5,2.32,0.86811,0.293
id_37_unrelaxed_rank_1_model_4,1.29,0.943,0.342
id_39_unrelaxed_rank_2_model_5,1.38,0.93697,0.376
id_26_unrelaxed_rank_3_model_5,2.31,0.8109,0.2
id_46_unrelaxed_rank_5_model_2,1.59,0.92097,0.456
id_70_unrelaxed_rank_1_model_4,1.42,0.93364,0.248
id_60_unrelaxed_rank_5_model_1,1.38,0.91264,0.355
id_11_unrelaxed_rank_3_model_4,0.96,0.96515,0.506
id_44_unrelaxed_rank_5_model_3,1.41,0.93034,0.329
id_4_unrelaxed_rank_5_model_3,2.0,0.87712,0.266
id_58_unrelaxed_rank_5_model_1,1.9,0.86197,0.333
id_49_unrelaxed_rank_4_model_1,1.65,0.90497,0.237
id_62_unrelaxed_rank_1_model_1,1.28,0.94187,0.266
id_47_unrelaxed_rank_3_model_2,1.97,0.85102,0.242
id_9_unrelaxed_rank_3_model_3,1.46,0.92983,0.388
id_1_unrelaxed_rank_1_model_1,3.37,0.58163,0.138
id_10_unrelaxed_rank_4_model_1,1.45,0.9345,0.297
id_46_unrelaxed_rank_2_model_5,1.47,0.93189,0.449
id_2_unrelaxed_rank_1_model_3,1.57,0.86577,0.358
id_79_unrelaxed_rank_4_model_5,3.04,0.74464,0.25
id_8_unrelaxed_rank_1_model_4,1.5,0.91196,0.277
id_18_unrelaxed_rank_4_model_3,1.08,0.95506,0.373
id_29_unrelaxed_rank_1_model_4,1.21,0.95033,0.335
id_48_unrelaxed_rank_4_model_2,1.92,0.83696,0.315
id_44_unrelaxed_rank_4_model_1,1.3,0.94036,0.329
id_69_unrelaxed_rank_5_model_3,1.73,0.91235,0.274
id_56_unrelaxed_rank_4_model_3,3.49,0.65354,0.318
id_58_unrelaxed_rank_4_model_3,1.8,0.86827,0.333
id_20_unrelaxed_rank_1_model_4,2.45,0.8221,0.242
id_24_unrelaxed_rank_4_model_3,1.64,0.91737,0.369
id_50_unrelaxed_rank_4_model_4,2.2,0.85094,0.209
id_59_unrelaxed_rank_3_model_2,1.43,0.93567,0.399
id_3_unrelaxed_rank_4_model_3,1.35,0.93408,0.276
id_66_unrelaxed_rank_4_model_1,1.46,0.91014,0.312
id_0_unrelaxed_rank_3_model_5,1.46,0.92895,0.28
id_50_unrelaxed_rank_1_model_3,2.42,0.84091,0.208
id_69_unrelaxed_rank_4_model_1,1.62,0.92185,0.274
id_16_unrelaxed_rank_3_model_1,2.07,0.88919,0.353
id_53_unrelaxed_rank_4_model_4,1.74,0.9056,0.318
id_89_unrelaxed_rank_4_model_1,2.06,0.83381,0.265
id_33_unrelaxed_rank_3_model_2,1.12,0.95518,0.348
id_68_unrelaxed_rank_2_model_5,3.28,0.73755,0.151
id_85_unrelaxed_rank_4_model_3,1.78,0.89831,0.318
id_65_unrelaxed_rank_5_model_2,1.41,0.93742,0.304
id_70_unrelaxed_rank_5_model_5,1.63,0.90762,0.244
id_94_unrelaxed_rank_3_model_1,1.85,0.91548,0.232
id_41_unrelaxed_rank_3_model_4,1.48,0.92324,0.285
id_10_unrelaxed_rank_5_model_5,1.55,0.92663,0.297
id_41_unrelaxed_rank_1_model_3,1.53,0.92019,0.285
id_76_unrelaxed_rank_3_model_5,1.77,0.86992,0.342
id_88_unrelaxed_rank_4_model_3,2.35,0.83034,0.237
id_29_unrelaxed_rank_3_model_5,1.38,0.93602,0.335
id_44_unrelaxed_rank_3_model_2,1.33,0.93742,0.329
id_17_unrelaxed_rank_2_model_4,1.54,0.91148,0.275
id_27_unrelaxed_rank_4_model_1,1.28,0.9462,0.335
id_27_unrelaxed_rank_2_model_5,1.46,0.93173,0.335
id_28_unrelaxed_rank_4_model_4,1.69,0.88506,0.201
id_34_unrelaxed_rank_4_model_1,1.61,0.91964,0.297
id_28_unrelaxed_rank_2_model_5,1.47,0.89985,0.196
id_94_unrelaxed_rank_2_model_2,1.71,0.91161,0.234
id_67_unrelaxed_rank_4_model_3,3.03,0.6634,0.157
id_40_unrelaxed_rank_1_model_4,1.53,0.8961,0.201
id_19_unrelaxed_rank_2_model_2,1.51,0.92782,0.305
id_61_unrelaxed_rank_5_model_1,1.87,0.88532,0.261
id_64_unrelaxed_rank_2_model_5,1.37,0.93246,0.323
id_96_unrelaxed_rank_1_model_1,2.13,0.85407,0.245
id_98_unrelaxed_rank_2_model_5,1.24,0.94548,0.348
id_62_unrelaxed_rank_3_model_3,1.36,0.93355,0.266
id_18_unrelaxed_rank_1_model_4,1.05,0.95647,0.373
id_32_unrelaxed_rank_4_model_1,3.65,0.58814,0.188
id_78_unrelaxed_rank_3_model_4,1.2,0.94581,0.401
id_80_unrelaxed_rank_1_model_4,1.25,0.94151,0.374
id_42_unrelaxed_rank_3_model_3,0.85,0.97175,0.557
id_28_unrelaxed_rank_5_model_1,1.72,0.8796,0.183
id_75_unrelaxed_rank_1_model_4,3.26,0.69415,0.176
id_79_unrelaxed_rank_5_model_1,2.8,0.72019,0.255
id_40_unrelaxed_rank_2_model_3,1.62,0.88827,0.201
id_1_unrelaxed_rank_5_model_5,3.65,0.50657,0.17
id_1_unrelaxed_rank_3_model_2,3.26,0.58505,0.13
id_87_unrelaxed_rank_1_model_4,2.05,0.88048,0.338
id_91_unrelaxed_rank_5_model_2,1.9,0.88436,0.266
id_93_unrelaxed_rank_5_model_3,1.58,0.91915,0.342
id_34_unrelaxed_rank_2_model_4,1.57,0.92148,0.291
id_7_unrelaxed_rank_1_model_4,1.59,0.89046,0.307
id_59_unrelaxed_rank_4_model_1,1.41,0.93627,0.399
id_44_unrelaxed_rank_2_model_5,1.3,0.93946,0.329
id_17_unrelaxed_rank_4_model_1,1.26,0.93826,0.279
id_29_unrelaxed_rank_2_model_3,1.18,0.95148,0.335
id_23_unrelaxed_rank_4_model_2,1.67,0.918,0.367
id_41_unrelaxed_rank_5_model_1,1.43,0.92833,0.285
id_47_unrelaxed_rank_5_model_1,1.84,0.87249,0.267
id_68_unrelaxed_rank_4_model_3,3.63,0.70286,0.154
id_19_unrelaxed_rank_1_model_4,1.57,0.92401,0.305
id_1_unrelaxed_rank_2_model_4,2.68,0.57175,0.149
id_45_unrelaxed_rank_5_model_2,1.96,0.89761,0.268
id_31_unrelaxed_rank_1_model_4,1.36,0.92786,0.335
id_63_unrelaxed_rank_5_model_1,1.39,0.93365,0.282
id_74_unrelaxed_rank_5_model_1,2.02,0.85694,0.219
id_76_unrelaxed_rank_2_model_2,1.5,0.87503,0.338
id_82_unrelaxed_rank_1_model_4,3.25,0.67627,0.191
id_84_unrelaxed_rank_2_model_2,1.95,0.86607,0.26
id_72_unrelaxed_rank_4_model_2,1.7,0.91627,0.278
id_42_unrelaxed_rank_1_model_5,0.9,0.9687,0.557
id_78_unrelaxed_rank_4_model_1,1.5,0.9216,0.401
id_11_unrelaxed_rank_1_model_5,0.9,0.96832,0.506
id_26_unrelaxed_rank_2_model_3,2.42,0.79766,0.201
id_63_unrelaxed_rank_3_model_2,1.34,0.93795,0.282
id_87_unrelaxed_rank_4_model_2,2.17,0.86758,0.344
id_76_unrelaxed_rank_5_model_1,1.74,0.86454,0.342
id_65_unrelaxed_rank_1_model_4,1.41,0.93736,0.304
id_57_unrelaxed_rank_1_model_5,1.7,0.91322,0.31
id_63_unrelaxed_rank_1_model_4,1.29,0.94187,0.282
id_92_unrelaxed_rank_1_model_1,2.83,0.75812,0.171
id_82_unrelaxed_rank_3_model_3,3.25,0.68579,0.202
id_7_unrelaxed_rank_5_model_1,1.63,0.8869,0.307
id_87_unrelaxed_rank_5_model_1,1.62,0.91826,0.335
id_61_unrelaxed_rank_3_model_3,1.92,0.88269,0.248
id_2_unrelaxed_rank_2_model_2,1.33,0.93399,0.369
id_57_unrelaxed_rank_4_model_3,1.58,0.92262,0.31
id_67_unrelaxed_rank_5_model_5,3.25,0.67736,0.167
id_14_unrelaxed_rank_3_model_5,1.21,0.94861,0.273
id_30_unrelaxed_rank_1_model_4,1.51,0.92934,0.291
id_22_unrelaxed_rank_4_model_2,1.22,0.94499,0.433
id_34_unrelaxed_rank_3_model_3,1.59,0.91931,0.291
id_35_unrelaxed_rank_3_model_2,1.52,0.92373,0.41
id_49_unrelaxed_rank_3_model_5,1.9,0.90032,0.272
id_75_unrelaxed_rank_5_model_5,2.56,0.72475,0.236
id_80_unrelaxed_rank_3_model_5,1.27,0.93882,0.374
id_39_unrelaxed_rank_4_model_2,1.39,0.93548,0.376
id_75_unrelaxed_rank_4_model_1,2.94,0.72123,0.226
id_58_unrelaxed_rank_1_model_4,1.75,0.87318,0.333
id_6_unrelaxed_rank_5_model_1,1.71,0.91346,0.323
id_55_unrelaxed_rank_1_model_4,1.14,0.95321,0.331
id_82_unrelaxed_rank_5_model_1,3.02,0.68383,0.19
id_34_unrelaxed_rank_1_model_5,1.59,0.92111,0.291
id_1_unrelaxed_rank_4_model_3,2.91,0.501,0.172
id_28_unrelaxed_rank_3_model_2,1.76,0.87848,0.183
id_77_unrelaxed_rank_3_model_5,1.44,0.92339,0.361
id_48_unrelaxed_rank_2_model_5,1.45,0.90692,0.318
id_53_unrelaxed_rank_2_model_3,1.89,0.89509,0.318
id_9_unrelaxed_rank_4_model_2,1.61,0.92186,0.388
id_45_unrelaxed_rank_2_model_5,1.79,0.88573,0.281
id_58_unrelaxed_rank_3_model_2,1.89,0.86333,0.333
id_27_unrelaxed_rank_5_model_3,1.38,0.91696,0.247
id_80_unrelaxed_rank_4_model_2,1.41,0.9321,0.374
id_46_unrelaxed_rank_4_model_1,1.5,0.92879,0.449
id_13_unrelaxed_rank_5_model_1,1.95,0.86276,0.243
id_87_unrelaxed_rank_3_model_3,2.14,0.88518,0.342
id_74_unrelaxed_rank_2_model_2,1.83,0.86759,0.221
id_54_unrelaxed_rank_3_model_3,1.42,0.93636,0.399
id_99_unrelaxed_rank_2_model_3,1.36,0.94416,0.433
id_55_unrelaxed_rank_4_model_1,1.98,0.84902,0.265
id_32_unrelaxed_rank_1_model_4,3.32,0.58659,0.177
id_66_unrelaxed_rank_2_model_4,1.73,0.91331,0.376
id_51_unrelaxed_rank_2_model_2,1.24,0.94618,0.348
id_23_unrelaxed_rank_5_model_3,1.51,0.92315,0.367
id_68_unrelaxed_rank_1_model_4,2.92,0.74421,0.158
id_16_unrelaxed_rank_1_model_5,1.18,0.94915,0.357
id_83_unrelaxed_rank_5_model_1,1.3,0.94197,0.323
id_56_unrelaxed_rank_5_model_2,3.34,0.67045,0.359
id_14_unrelaxed_rank_5_model_1,1.21,0.95023,0.273
id_32_unrelaxed_rank_2_model_5,3.1,0.60981,0.182
id_71_unrelaxed_rank_2_model_5,1.98,0.85944,0.349
id_97_unrelaxed_rank_5_model_3,1.59,0.92152,0.318
id_66_unrelaxed_rank_5_model_2,1.96,0.87535,0.313
id_31_unrelaxed_rank_5_model_2,1.67,0.90565,0.297
id_12_unrelaxed_rank_2_model_5,1.66,0.92099,0.392
id_33_unrelaxed_rank_1_model_4,1.06,0.95987,0.348
id_67_unrelaxed_rank_1_model_1,2.65,0.72585,0.163
id_25_unrelaxed_rank_1_model_4,2.7,0.75497,0.211
id_17_unrelaxed_rank_5_model_3,1.61,0.88758,0.24
id_97_unrelaxed_rank_2_model_2,1.57,0.92322,0.318
id_73_unrelaxed_rank_5_model_1,2.26,0.86849,0.259
id_45_unrelaxed_rank_4_model_1,1.81,0.90753,0.268
id_14_unrelaxed_rank_2_model_2,1.57,0.9258,0.273
id_43_unrelaxed_rank_1_model_2,2.18,0.83223,0.311
id_16_unrelaxed_rank_2_model_4,1.98,0.88642,0.344
id_98_unrelaxed_rank_4_model_3,1.43,0.93479,0.348
id_80_unrelaxed_rank_5_model_1,1.52,0.92674,0.374
id_24_unrelaxed_rank_2_model_5,1.45,0.92971,0.369
id_59_unrelaxed_rank_2_model_5,1.6,0.92613,0.399
id_15_unrelaxed_rank_2_model_5,2.03,0.85909,0.235
id_81_unrelaxed_rank_4_model_4,2.13,0.86744,0.346
id_95_unrelaxed_rank_3_model_5,1.6,0.89521,0.273
id_71_unrelaxed_rank_5_model_1,1.75,0.85069,0.28
id_76_unrelaxed_rank_1_model_4,1.75,0.87454,0.342
id_75_unrelaxed_rank_3_model_2,2.85,0.70052,0.189
id_89_unrelaxed_rank_2_model_3,2.0,0.84237,0.264
id_98_unrelaxed_rank_1_model_4,1.22,0.94579,0.342
id_56_unrelaxed_rank_3_model_1,3.56,0.63531,0.318
id_36_unrelaxed_rank_3_model_2,1.38,0.93696,0.38
id_84_unrelaxed_rank_3_model_3,2.5,0.80743,0.245
id_0_unrelaxed_rank_2_model_2,1.42,0.93471,0.28
id_39_unrelaxed_rank_1_model_4,1.17,0.95078,0.376
id_77_unrelaxed_rank_4_model_2,1.49,0.91838,0.361
id_61_unrelaxed_rank_4_model_2,1.98,0.8865,0.316
id_84_unrelaxed_rank_1_model_5,2.21,0.86246,0.287
id_3_unrelaxed_rank_2_model_5,1.36,0.93372,0.276
id_57_unrelaxed_rank_5_model_2,1.56,0.92555,0.31
id_37_unrelaxed_rank_5_model_2,1.7,0.91652,0.342
id_35_unrelaxed_rank_1_model_4,1.35,0.93564,0.41
id_53_unrelaxed_rank_3_model_5,1.7,0.9097,0.318
id_10_unrelaxed_rank_3_model_2,1.73,0.91485,0.297
id_6_unrelaxed_rank_4_model_3,1.62,0.89521,0.279
id_82_unrelaxed_rank_4_model_5,3.05,0.72395,0.19
id_10_unrelaxed_rank_2_model_3,1.66,0.91878,0.297
id_85_unrelaxed_rank_5_model_1,1.64,0.90547,0.321
id_65_unrelaxed_rank_4_model_1,1.25,0.94914,0.304
id_72_unrelaxed_rank_2_model_5,1.78,0.90926,0.278
id_92_unrelaxed_rank_2_model_2,2.74,0.78807,0.158
id_30_unrelaxed_rank_4_model_2,1.68,0.91994,0.304
id_36_unrelaxed_rank_5_model_1,1.4,0.93417,0.38
id_77_unrelaxed_rank_1_model_3,1.48,0.91906,0.361
id_56_unrelaxed_rank_2_model_5,3.05,0.70181,0.366
id_90_unrelaxed_rank_3_model_4,1.6,0.91109,0.331
id_91_unrelaxed_rank_2_model_4,1.51,0.92603,0.335
id_42_unrelaxed_rank_5_model_2,1.13,0.95625,0.551
id_14_unrelaxed_rank_4_model_3,1.35,0.93885,0.273
id_54_unrelaxed_rank_2_model_4,1.52,0.93045,0.399
id_25_unrelaxed_rank_5_model_3,3.82,0.6593,0.189
id_73_unrelaxed_rank_1_model_4,2.2,0.87342,0.248
id_90_unrelaxed_rank_4_model_3,1.74,0.88724,0.335
id_70_unrelaxed_rank_2_model_2,1.63,0.91922,0.248
id_81_unrelaxed_rank_1_model_3,2.23,0.86091,0.335
