header,unaligned_sequence,z_0,z_1,z_2,z_3,z_4,z_5
seq_0,DNFIYKAKALYPYDADDDPSEKSFVKGDILDIVDTSERWWQARKADGTTGIAPSNYLQLIE,1.2237848,1.5169406,-1.6613905,0.15320075,-1.7431371,-1.1514702
seq_1,DNFIYKAKALYPYDADTDDPNWSSYAKDDILIVNKKQGWWQNERTDNITIDIKSWRLVIIP,1.4711306,0.8771768,-0.94608027,0.69471747,-1.1104996,-1.5385499
seq_2,DNFIYKAKALYPYDADPDDPYEISFEKNEILRVKDIEGKWWQARKQNGTVGICPSNYVELIETVCK,2.8513923,1.9446673,-0.08736324,0.20567548,-1.8589804,-1.4525942
seq_3,DNFIYKAKALYPYDADDDDPNESSVAQLEILEVDDDEGWWHQVKTDKTGILIGSNNLLIII,1.957136,0.5562836,-0.809785,0.17932078,-1.4609133,-1.5908737
seq_4,DNFIYKAKALYPYDADDDPEELSFKAGEILEIDDQSDGWWQARANDVEGIEVSSNYLQRGE,2.1099138,-0.3182801,-1.1558523,-0.4899633,-0.9069127,-1.6546206
seq_5,DNFIYKAKALYPYDADDDDPDWISFEQSALLEDNDAQGDWWHERLPAGSTYIIPSNSVKLVSR,2.0007603,1.9384962,-0.09186137,0.16540387,-0.9826931,-1.5161587
seq_6,DNFIYKAKALYPYDADDDDHLTFSKEDLMLLIKQRSSGWREAEKADGTISIVIAINFDLCC,1.844048,0.7088609,-0.525826,-0.075418726,-0.765765,-1.2169278
seq_7,DNFIYKAKALYPYDADDDDNEISFMEGEIMELVDKSDGWWQAEKADGVVGLVPSNYYQV,1.9077928,0.9723266,-1.1906201,-0.85603523,-1.7782632,-1.3798007
seq_8,DNFIYKAKALYPYDADDDDAEISFNKGEAMEIVDIDGRWWQARKADGHVGLVPSNYYQIIGT,1.2817187,1.3255187,-2.3308663,-0.5283789,-1.327418,-1.5164557
seq_9,DNFIYKAKALYPYDADDDPANLSFNAGTILEIVDKSSGWWQQVATDTTGLFPASSNKISLE,1.8287064,-0.17781222,-1.1593531,0.2921811,-1.293898,-1.1248128
seq_10,DNFIYKAKALYPYDADPDDHYEISDERCELLCKSAKKGWWFAKRATQTSIGIEPENYVQLQDA,1.7333096,1.2678989,-0.355762,-0.2318816,-0.94586885,-0.8588185
seq_11,DNFIYKAKALYPYDADDDDPYKSSFKQTELLIVNSKQGQWWNERNDNTVSEIGLNPRLCIWN,1.5427935,1.6533041,-1.469765,-0.3945136,-1.1346707,-0.9219624
seq_12,DNFIYKAKALYPYDADDDDVCESSFKQNEILSDDDKEGWKFASRCDNIVSKIPGWSRVCLVD,2.5614069,1.8195808,-1.0350716,-0.32155576,-0.47556043,-1.6265726
seq_13,DNFIYKAKALYPYDADDDPREKSFVKQEILEIVDNKQGWWQAERANGTIGIIPSNYLQLID,1.585109,0.9717233,-1.2948426,0.06388239,-1.4964702,-1.9513307
seq_14,DNFIYKAKALYPYDADDDDANESFNERTILEVDDIKGRWWQVPRADGETGIAPSNYVRLIQG,1.9021385,1.8366466,-1.7351971,-0.18207619,-1.3498722,-2.4141726
seq_15,DNFIYKAKALYPYDADDDPAYESSDEQMELLIDDDIERRWQQRKRDSTEIISIGWVGVSSVDRIEWLVPDNLCLEKEETSA,2.195909,1.5171628,-1.3425522,0.2383411,-1.2996876,-0.89242965
seq_16,DNFIYKAKALYPYDADPPDPNEISFEKGEILDVSDIEGKWWQARKATGITGICPSNYVILIEQVGR,3.243288,1.7915475,0.12664938,-0.12367501,-1.5154527,-1.4321216
seq_17,DNFIYKAKALYPYDADDDDPYKSSFIQTAILIKSNIQGWWESTDKDNTGIIIGSSNFVPII,1.6856498,1.4694666,-0.3701988,-0.12349804,-1.602761,-1.8048966
seq_18,DNFIYKAKALYPYDADPDDIEESSVKKEELRIVDSKDRVWVAEKDDDTTSLSGNLPKGLIEDKPTDKV,2.7628832,0.8256695,-1.7627743,0.08220487,-0.9546338,-1.0017729
seq_19,DNFIYKAKALYPYDADPEDANESSVIDEELRNVSNKEGWWIAEKAGTETSKIPSSYLEIIVE,2.1532378,0.98980296,-0.7276634,-0.33987537,-0.8829875,-1.9641749
seq_20,DNFIYKAKALYPYDADDDDANESSGKTNILLEVSDKEGRWWQSKKDDGTTLIQPSNYVQLVDD,2.561183,2.1489427,-1.2026223,-0.25095373,-1.7261219,-2.46419
seq_21,DNFIYKAKALYPYDADDDPHYLSFQKCLILDIVDNDGRWWQARRDDGTVILAPSNYLQHSPS,1.7505504,0.30289716,-1.9123605,0.52344996,-0.71537834,-1.1253426
seq_22,DNFIYKAKALYPYDADDDAAAESSKELNIVDKVSNIIRWWIQEKAETEQSIIPTNGLVIIPHKDE,2.3754401,1.9642688,-1.300781,0.10942232,-1.5968792,-1.620515
seq_23,DNFIYKAKALYPYDADDDDPEESTVEQNDLLIVDKIEGKWWQQKRDNQTIEILSNYIIISQTQ,1.6798457,1.3135213,-1.1149365,-0.09434642,-1.5130359,-0.8744137
seq_24,DNFIYKAKALYPYDADDDDADESFFEGDAFEGHSILDGWWQAQAADDETTLAPSNYMREIF,1.2387993,1.0950814,-1.6986388,-0.502508,-1.8560383,-1.8926255
seq_25,DNFIYKAKALYPYDADDDDNYVSFKKQETLEIVSNIEGWWQASRAGTGVILIIESNYVQIVD,1.6856565,0.9112837,-1.3525854,0.47203913,-2.028882,-1.1126561
seq_26,DNFIYKAKALYPYDADDDDVEESFEKHEELDIVNISGRWRVAKRADGTVGFAPSNYLQLYDG,2.0650907,1.1943617,-1.9666646,0.32279903,-0.38776535,-1.1747721
seq_27,DNFIYKAKALYPYDADDDDNDESSVDLEEIDEVDIAEGWWQQRRCDNEIILIGSSNLVILF,1.9857653,0.43802935,-1.3996878,-0.10689531,-1.7591031,-1.402875
seq_28,DNFIYKAKALYPYDADDDPANESSVKTNELLYIDDKEGWWFARRADTINGLIDGSYLVLTSYDVEG,2.6549914,1.6040514,-1.2712651,-0.54357016,-1.0944961,-1.0820799
seq_29,DNFIYKAKALYPYDADDDDVNESSVQKNIILKVSDKEGRWWQKKTATGDSGIFPSNYVCLYED,2.1845458,1.3747234,-0.24230868,0.9501232,-0.7094592,-2.408703
seq_30,DNFIYKAKALYPYDADDDATAKSFNKQEILDVVDISQGWWQAERADCKVGIIPENYLQVIW,1.9767152,0.42130572,-2.5870194,-0.063654125,-2.6968293,-2.3294458
seq_31,DNFIYKAKALYPYDADDDAAEESFQKQEILYVDDNKQRWWQARKATGETGIAPSNYMQLIPG,2.1898553,0.78375804,-2.3936763,-0.8858353,-1.4906988,-1.5058526
seq_32,DNFIYKAKALYPYDADPEDPREISVQKLDFLDILDKQGRWWNAKKEATNIKIDDSIRLIEPEQIRDAVEVEEGAYKTEKD,3.0210972,1.3957233,0.09612656,0.11059006,-0.79753286,-1.2548993
seq_33,DNFIYKAKALYPYDADEDDANEISFEKDEILDVSDIEGKWWQAQNANGEIGICPSNYLKLIE,2.4164436,1.8132561,0.019841194,-0.03499858,-1.1913037,-1.7899733
seq_34,DNFIYKAKALYPYDADDDPAYESSMKQLELLVVDDKERIWVAEKNELIVILINGWYLAFSVY,2.0418043,0.6319444,-1.6278944,-0.26844212,-1.1106672,-0.7449401
seq_35,DNFIYKAKALYPYDADDDDNDESFVEGEILEIVDKEDGWWHARKADRTELLIPSNYEEIIGA,1.2671571,0.86881006,-1.1176981,0.26190504,-1.3269244,-1.2578353
seq_36,DNFIYKAKALYPYDADDDDDNESSFCKGEILEVSSKQGRWWQPKNGATEIKIQPSNYVIIISN,2.125104,0.8066915,-0.97639626,-0.08689785,-1.9690416,-1.4861858
seq_37,DNFIYKAKALYPYDADPDDPYEISFKKDEILDVVDQKGKWWQVRKANGTVGIIPSNYLKLLER,1.4088995,0.60720754,-0.09678757,0.32838205,-1.7637737,-1.6434927
seq_38,DNFIYKAKALYPYDADDDDAYKSFVEGTVLRLVDNSGGWWQAERADGTTGIAPSNYVRLIET,1.5833946,1.48788,-1.4354917,-0.6035254,-1.1515727,-1.6694969
seq_39,DNFIYKAKALYPYDADDDPNEESLVKGEYLEIVDKEHRWWQAEKADGTVGIVPSNYLQEIPA,2.0457926,1.4583261,-1.8009765,-0.60508573,-0.903229,-0.7772322
seq_40,DNFIYKAKALYPYDADDDDPDESSFEKNEMLRVSKIERNWWEARRDATQVGIEPWNYVCLCSQ,1.6502844,1.9711249,-0.6765499,-0.070618406,-1.4164274,-1.7577405
seq_41,DNFIYKAKALYPYDADDDDNYWSFEQHTIIEIVDIIDGWWQARAADNEEMISLSNYLCIIE,0.9393892,0.8832967,-1.9646671,-0.1340802,-0.958552,-0.83004427
seq_42,DNFIYKAKALYPYDADDDPAYKSFVKQEILEIVDNSGKWWQARRAGGTTGIAPSNYLQHIPI,2.5266318,0.7309933,-1.9891809,0.06597645,-1.1956708,-1.3268299
seq_43,DNFIYKAKALYPYDADDDDPEESSFSKNELLIKDDKGGKWQQQKTSNTHINIDSSVYVIIV,1.8451414,0.88865805,-1.578908,0.1385825,-1.308422,-1.4585238
seq_44,DNFIYKAKALYPYDADDDDAYESSVQDVLLRRDSIKEGWWQAQRNSTHTIGIFPSNYVILIDGIEP,3.236506,1.8066791,-1.2327768,0.21397054,-1.2407066,-1.7928276
seq_45,DNFIYKAKALYPYDADDDDSSTSFNVGEILEVVDKKEGWWHARCADTTTGLAPSNYFQIIET,1.9511474,1.3210276,-2.5922909,-0.02539473,-1.5828476,-0.9759047
seq_46,DNFIYKAKALYPYDADPDDENEISFELGEILDDSDKEGWWRQARNSNGQIKIEPSNRECLIEAPELV,3.199086,1.8011873,-0.25510365,0.2076205,-0.615441,-1.35638
seq_47,DNFIYKAKALYPYDADDDDNYESFFAGDVIEIVDASDGWWQAQAADMETGIIPSNYVALQD,0.8258735,1.3775389,-1.7214146,0.05793353,-2.013193,-1.3513454
seq_48,DNFIYKAKALYPYDADDDDEYITFPDGNMLEIVQKEDGWRFAKRDGTSTIKINRIPMVYIE,1.8881778,0.4431113,-1.0624231,0.20938227,-0.56985897,-1.102597
seq_49,DNFIYKAKALYPYDADPDDPAESSFAKLEILDIDDIEGKWWQARRANGTIGICPSNRVCLIEHT,2.5055299,1.8149012,-0.76395404,-0.487876,-2.0638013,-1.2214237
seq_50,DNFIYKAKALYPYDADTDDADESSFMKDELLDISDKEGRWWAEKKGNKTNLIIPSNYVNLIS,1.7792575,0.6228065,0.057885528,-0.2886515,-1.721787,-1.6873784
seq_51,DNFIYKAKALYPYDADDDPEEESFMKDEIMEVDDISEKWTQVRKANGVIILAPSNYLERLPA,2.5071716,0.30337214,-2.3964067,-0.27803618,-0.562095,-1.364433
seq_52,DNFIYKAKALYPYDADDDHAELSFQKGNILDIVDTSMRWWSARRADGSTGIAPSNYLQLISN,1.5617975,0.9055798,-2.815689,0.095787205,-1.2778819,-1.124134
seq_53,DNFIYKAKALYPYDADEDDAYETSVEQGEHYEISAKDGWWINQRAETNGTGIIGLNYAHRVEK,1.7526901,0.92144716,-0.53318745,0.13113922,-1.8073474,-1.668464
seq_54,DNFIYKAKALYPYDADPDDRYESSFEQNKLLIDAKKEGWWQQERNDKTQIIICPSNLVQSVG,3.0843124,0.8752403,-1.0950501,-0.23361558,-1.6860702,-1.606801
seq_55,DNFIYKAKALYPYDADDDDNATSFVEDTIMEIVSGKEGWRIAEKADGTVGLAPESYYEYIWS,2.0011957,0.97021013,-0.7516121,-0.89830434,-1.1211705,-1.8077186
seq_56,DNFIYKAKALYPYDADPDDNAESSVQGKSLFRDDISDGWWINERAEDTTIKIIPSNYCLSIS,2.2474284,0.84257597,-0.908649,-0.42365852,-1.8332642,-1.7052616
seq_57,DNFIYKAKALYPYDADDDPANLSFRKDEILYVDDISDGWWQVRRADGERGLAPSNYIELIEG,1.9074701,0.47978443,-1.3898759,-0.7012194,-1.5789899,-1.702474
seq_58,DNFIYKAKALYPYDADPDDPNEISLQKNEVLPILDKTGKWWQVKKANYVIGIQPSNYVQLIEDVRK,2.3847055,0.30692983,0.06076038,-0.31096098,-0.87865484,-0.9423652
seq_59,DNFIYKAKALYPYDADDDDPIESSVAQGEILEISDKEGKWEQVDRANTGVGIISSNYLQIV,1.5267329,0.14133298,-0.6204448,0.12803376,-1.8146392,-1.6177354
seq_60,DNFIYKAKALYPYDADDDANELSFQEGEILEIVDKSDGWWQAQKADGHTGLVPSNYLIIIEA,2.0225406,1.0804733,-1.1817756,-0.6580354,-1.3608974,-1.1544937
seq_61,DNFIYKAKALYPYDADDDDNEESVFEQTIMEIDDVKDGWWQNVANDAEVNEADSSVLVITD,1.7711633,0.5631686,-0.7688581,-0.083969995,-1.1997436,-1.81426
seq_62,DNFIYKAKALYPYDADPKDLNEISFVKVEFLNVADIDGKWIQVKNATTTINIANSNLIL,3.018174,0.23326713,-0.6346319,-0.35386607,-1.9765832,-1.1015921
seq_63,DNFIYKAKALYPYDADDDPNYKSFNKQEILDIVDKSEGWWQARRADGTIGIAPSNYLRLISD,2.0035062,0.5183319,-2.302465,0.7854052,-1.4738344,-1.3152167
seq_64,DNFIYKAKALYPYDADDDDAYESFNEQTILYRVDNDERWWKARRADGETGLAPSNYLRLSSG,1.9151133,1.424439,-1.204432,0.19570842,-1.6434059,-1.8882512
seq_65,DNFIYKAKALYPYDADDDDADKSTNITEILLIKSKIGGWWRATKDDTISGLAPGNYFGTPEA,2.0201278,2.900014,-1.040662,-0.22434244,-0.3592149,-1.4401528
seq_66,DNFIYKAKALYPYDADDDPNELSFKKGEILEVVDISGRWWAVRRADGEGGIAPSNYLQLIEA,2.0127556,0.15273136,-1.9913167,-0.30607018,-0.8128051,-1.7411249
seq_67,DNFIYKAKALYPYDADRDDPNEISFMKGDIVEVMDASGKWWQCRHANGTMGIAPSNYLQLL,1.9158674,1.4783722,0.4435637,0.7115341,-2.536527,-1.6204103
seq_68,DNFIYKAKALYPYDADDDPSELSFKKGEILDIVDKNGRWWEARNADDTTGIALSNVLIRI,2.0551124,1.0775923,-3.1987958,-0.1411967,-1.1004663,-1.1366403
seq_69,DNFIYKAKALYPYDADDDDAEESSVEDNEMLVDDKIQGWWQAERAEKINGLAPSNYVQIIEG,1.9943653,1.4719923,-1.49125,0.0043446794,-2.1987343,-1.8236978
seq_70,DNFIYKAKALYPYDADPDDPYESSFAQLEILRVSNIDGRWWQVRTANGQIGIVPSNYEILI,2.3164213,0.2025922,-1.457643,0.04950168,-1.6869545,-1.5108794
seq_71,DNFIYKAKALYPYDADPDSSNEISFKKGELLEVLDKQGKWWQAKNANTTVGIQPSNYLTIISA,2.0311615,0.46958357,-0.5356853,0.19316572,-0.88119495,-1.164807
seq_72,DNFIYKAKALYPYDADTDDPAELSFDKNIILRVSDKHGSWWQAVRANGTSGIFPSNYKQLI,1.8354731,1.4322934,0.070492625,0.78724104,-1.6842995,-1.145725
seq_73,DNFIYKAKALYPYDADTDDPYEESVEQEAILCNSAAEGWWGQSRAANHVTGIFPSNYVQLVEE,1.5743046,1.0550587,-0.5914609,-0.009265728,-1.8260638,-1.3724821
seq_74,DNFIYKAKALYPYDADDDDAYESSVKKNEIEYVSIIEGRWQKRKASLGDILIPESNLVIIQDQ,1.4519855,2.6475844,-1.4345565,-0.6733657,-1.6139109,-1.5753508
seq_75,DNFIYKAKALYPYDADPDDAYEFSVKDEILVKDDDDDGWRGQERDSNEGFLKQSGSNKTIYT,1.9988133,0.58561236,-0.5662807,-0.33143723,-0.42872494,-1.68566
seq_76,DNFIYKAKALYPYDADDDDPYEISFEQHEILIVDDISGWWFQQARANTEIEIVPSNYVILI,1.9775193,1.5958517,-1.1497682,0.50523674,-2.0874922,-1.5159585
seq_77,DNFIYKAKALYPYDADDDPAAISFKKHEILEGDDIAGRWWQVKRANGHVGLIPSNYLQLID,2.131085,1.3821208,-1.4025372,-0.50434744,-0.8169822,-2.457501
seq_78,DNFIYKAKALYPYDADDDDPELSFKEGEIMLIVDRSEGWWQAERANGTVILIPSNYVCLIEA,1.2367284,0.53439975,-0.7440045,-0.20379752,-1.5002978,-2.3739564
seq_79,DNFIYKAKALYPYDADHEDPNEISFEKNEVLEILDKQGKWWQAKKADGAIGIAPSNYLQII,3.1744611,0.2905531,0.70564187,-0.3389418,-1.3025442,-1.1716409
seq_80,DNFIYKAKALYPYDADPDDPNEISFQKGDILDVIDISGKWWQARTANGTIGIVPSNYLILL,2.5075836,1.573364,-0.55121684,0.26954773,-1.7156229,-1.149115
seq_81,DNFIYKAKALYPYDADPHDPSELSFKKGEVLDVSDIEGKWWHARKANGEVGICPSNYLQLIDSS,1.7808119,1.8845551,0.3277229,-0.5057543,-1.3509934,-0.91278076
seq_82,DNFIYKAKALYPYDADTDPAEESSFAKGDLLSFSDKQGRWFQAKVFDTEILIDSSNGGFIQ,2.1342127,0.7927884,-1.4502312,0.19465491,-1.5743443,-0.16156113
seq_83,DNFIYKAKALYPYDADDDDANEISLEQGEILLVSDKQGWWFKAKACDGEIGIEPSNYVIIIDN,1.8618714,1.9429426,-1.2568102,-1.0250967,-1.587972,-0.78810674
seq_84,DNFIYKAKALYPYDADDDPPEHSSFEKEILEIDDSSQGWWQAKRTNGTQIIIQGNYNILTF,1.9443113,0.7317702,-0.9817774,0.31033581,-1.3294424,-2.1450021
seq_85,DNFIYKAKALYPYDADEDDPNEISFQKGEILEVSDIEGKWWQARRADGTIGICPSNYVQLCSN,1.8914825,1.187194,-0.38711703,-0.29633045,-1.8327334,-2.0218596
seq_86,DNFIYKAKALYPYDADDDPNELSFGKGEILEIVDISGRWWQVRKADTTDGIAPSNYLQLIEA,1.6599307,1.3653162,-2.254765,0.54606044,-1.2224357,-1.4279915
seq_87,DNFIYKAKALYPYDADYPDPYELSVEQVVNLDVGDIDGRLWQVDKGNGDSGIIPSNYVQLFEDEGL,1.9739962,0.9780239,-0.072102666,-0.6905652,-1.0629215,-0.50015014
seq_88,DNFIYKAKALYPYDADDDPAEKSFAKGEILEIVDNSGRWWQVRKADGTVGIAPSNYLQLIS,1.6168242,1.5660193,-2.6601138,0.14715165,-1.539156,-1.3233972
seq_89,DNFIYKAKALYPYDADTDDPNEISFSKGELLEVNDIQGRWWQARKENGETGICPSNYVQLQ,2.8013654,1.374329,-0.5463092,-0.73180425,-2.1860728,-1.4486998
seq_90,DNFIYKAKALYPYDADDDDPYESSEKQHIIEIVSDKGRWWQARRADGRVGICPSNYVSSIC,1.5711292,1.8014107,-1.0830871,0.10699429,-1.4602058,-2.5306215
seq_91,DNFIYKAKALYPYDADTDDVYESSFATNEILIVSDIHGWWDQSATGTTGNFPVNYIILIMD,2.371756,0.4069401,-1.1326542,1.1069468,-1.9208095,-1.3097267
seq_92,DNFIYKAKALYPYDADDDPAYESTVKQTILEIVDNAQGWWQAQRADTTTGIAIGNYLVHIQDD,2.5476534,1.1579194,-2.0298734,-0.19370547,-1.246115,-1.3668647
seq_93,DNFIYKAKALYPYDADDDDAYESSVVQMEIYVVDTQGRWWQNVRADGTTIIAPSNNLELIQ,0.82693124,1.0250103,-1.7940784,-0.103468336,-1.6446788,-1.6915083
seq_94,DNFIYKAKALYPYDADDDHNYESFDKGNIIEIVNNIDGWWQARRADGVEGIIPANYVQIIE,0.41353858,1.8656898,-2.0910296,0.37134647,-1.9501485,-1.0218816
seq_95,DNFIYKAKALYPYDADDDPAEVSFVKGEILDIVDNKGRWTQARAADGTTGIAPSNYLQLI,1.8984287,0.4384116,-2.260943,-0.20935744,-0.7742532,-1.4187111
seq_96,DNFIYKAKALYPYDADDDPNELSFEVGEIMEIVDKTGGWWQAKKADGTTGIAPSNYLQLI,1.6813189,1.4824208,-2.5630655,0.14501405,-2.173225,-1.2098
seq_97,DNFIYKAKALYPYDADDDPAGESFVSQEILEVDDISEGWWQARKADATPGLAKSNYLRLIE,2.679224,1.9102643,-1.8063738,-0.37112325,-1.4340662,-1.6035043
seq_98,DNFIYKAKALYPYDADDDPEELSFVEGDIMEIVDKSGRWWQARRADGTVGIAPSNYMEIIEG,2.0849657,0.62339115,-1.554277,-0.12914458,-0.9537306,-1.6494945
seq_99,DNFIYKAKALYPYDADDDDSYESFVKDEIIEIVSIKEGWWQARRADTTIGKAPSNYLQLIWA,2.5091171,0.9610429,-1.6365836,-0.22176573,-0.9822813,-1.3496697
