id,sequence,z_0,z_1,z_2,z_3,z_4,z_5,min_leven,perc_min_leven
id_0,NFMIAAMSHDRNIGIGRGMPWHISEDKEHFMAITASAIVMGRKTWESIGKPLPNRRIFVFSTSEETTIDVHTYFDREAIANESWSEQFVIGGNKYKSVLPYTAKIHILHNKLDYEGVLSFPIIESGITPTQENLISNLFFEIVTY,1.2592252492904663,1.0842710733413696,0.4044365882873535,0.946849524974823,-0.1352667212486267,0.2817564904689789,88.0,0.5906040268456376
id_1,LSFVWAQDENHAIGKKGRLPWHLPADLKHFMQQTTQPMLMGRKTWLSIPGLLPKRKHIVLSRRPYSNLNVVHVSSLDQALAVLAGCEEVMVIGGAQLYKEFLPHAHRLELTLIHQEVEGDVYFPHFDETKWEVIAQQKREKPYEYRFVVL,-0.10035496205091476,-0.2732599973678589,0.5149087905883789,-1.500483155250549,-1.2610777616500854,-0.08627620339393616,75.0,0.5
id_2,LRMILAVAAKGGIGDDGAMPWALPADLAHFQRVTTAPVIMGRKTWESLPRPLPGRRNLVVTSQADPQATAQVAASVDAAEPAVEAMDKTWVIGGTEIIKSGLDFATRVIVTVDRLDVEGDVHVPDRDSAYIAGTQVHTHADGVEFRPEID,3.219558000564575,-0.6131404042243958,-0.02813311107456684,0.1652906984090805,0.30519455671310425,-0.9154962301254272,76.0,0.5066666666666667
id_3,VAIVAVAPSGGIGGRGKLPWCDTADMLYFRQVTMSIVLAGRKTFESVPRALPGRINIVLSRRGW,0.2446683347225189,0.5095106363296509,-1.088881254196167,0.7201767563819885,0.1565515697002411,1.5937604904174805,91.0,0.7222222222222222
id_4,IALMAAAAENGIIGRDGDMPWRLPSDLKRFKALTQRPIVMGRRTWDSIGRPLPGRRNIVATRDPAFRAGITIFSALEAALDFPAQADEVAVIGGASVYRAAVPVADRIYLTEIDQAFDGDTHAPDIDVSDFTAVSSSSWQNGYRYRFSQF,-0.5695768594741821,1.8801459074020384,0.5242353677749634,0.6021920442581177,-0.5335923433303833,-0.9127907156944276,69.0,0.46
id_5,IISIWAQDNAGLIGVKGTLPWRLPEDLKNFKAKTLQTIIMGRRCFAAMGRVLPGRANIVVSNQPTFDAGVMVVSSLDEVIDAVGQTKEDYVIGGGALFEQFLPKVDTVYRTVVHATFEGDTFFPEVNFEQYELISEFFGHHKYNYTFLAL,1.1175024509429932,0.8842358589172363,2.545565128326416,-1.0848274230957031,0.911754846572876,0.3339097201824188,80.0,0.5333333333333333
id_6,IALIAAVARNRVIGKDSRIPWYLSADWRHFKAITLKPVIVGRKTFESIGRPLPGRENIVLSRADAFKRGVEVAPDISAALKAAGEDKEIFVIGGGEVYTLCLNYAKRIWLTEIGSEIDGDTMFPDVDGREFTEECERMYSDNYDFTIQTD,0.8082075715065002,3.142990827560425,-0.4396654963493347,-0.3518067300319672,-1.88694429397583,0.5819138288497925,70.0,0.4666666666666667
id_7,LAMIWAEDKEWGIGKKCHLLWHIPKDMKFFRYKTTKVVVVGRKSFESFPEMLPKRITYILTKRMEFNCKVYINHSIVESVDLLKDEKCLYVIGGKSEYAQNIPYSDEMIYTKIHHRFEADVVFPNFDEVEYENVKKEFYMGDYEYEFETY,-0.3621912598609924,-1.6925153732299805,1.03434157371521,-0.8497023582458496,-1.475359559059143,1.6664421558380127,78.0,0.52
id_8,WISVWAQTDGRVGIGQGNVIWYVSEDLKLFQEVTSYTAVVMRTTSVGMMGKSKVNQTVIISKQDSTSLNVVFYDSVLDYLKESVELDKLYFTSYAGYKYIAGTEYIKEFDEHYIKGVFSKNKFTFKDDFKYKEVDAETIEKNVEKYHSTN,0.11603225022554398,-0.11338194459676745,0.06378798931837082,-0.06121855229139327,-0.9759564995765686,-0.27105659246444697,107.0,0.7133333333333334
id_9,VVAIAAVRSKHVIGDKGIMPWHLPADFAHFRARTLAPVIMGRRTMEALPEVLRGRVLYVVTRDSAFCPGVEVCHELTHAIATACVQTGVCISDGAELFRVALPIAHFIEITEIESAKPGDVPYKSFLRDYFTQVHRTTHAHKVYARI,0.8084468245506287,1.3878618478775024,1.380231857299805,0.3307790756225586,-0.03368833661079407,-1.5845599174499512,86.0,0.5850340136054422
id_10,LALIMAAAYTNCIGNDVKLPWHVKGDMEYFKQLTMGALIAGSKTWESIGRALEGRINIVVTTNKISSAGAVDFPTIDATTNARDNSVIEVIGGAEIYRQAMPIATRMHVTTVASTADADAFAPDIGPKGWTEAAGEYHEGARYRYVTY,0.5179219245910645,1.088520646095276,-1.2734580039978027,1.3888936042785645,-1.2923740148544312,-0.33628779649734497,78.0,0.527027027027027
id_11,VGIIAATAPNNVLGRDGDMPWHLEEDLKRFKALTLKPVIMGRRTWQSLPRPLPGRQNIVVTRDPDVAADAVVAHSLAAALAIANGQQEIWVIGGADIYQAALPLAHRAYATQVDAEVDADAFLPELDADQWQLVARGEGENDYAYRFRHY,0.1229342594742775,-0.2285260409116745,1.0306419134140017,-0.2688523530960083,-0.5439897775650024,-0.8275197744369507,67.0,0.44666666666666666
id_12,IGLIWAETRDGVIGDNRSIPWRVPEDMKRFIDLTMHTCIMGRRTWVSTPKPLPQRRNLILTRRQDWPIGAAVAHNIDEAIAPCIDDQTVWVIGGHAVYTMALDIAHRAEITRVDAAVAGDAFAPELADWVWVVLQEEAGHLAVAFRHFTY,-0.4757918119430542,-0.8358537554740906,0.9134954810142516,1.4584248065948486,-1.2112250328063965,-0.9693770408630372,74.0,0.49333333333333335
id_13,LSIVAALSENRGIGSNNKLLWHIPNDLKFFKKATTGVIIMGRSNYESIGKPLPNRKNIIISGTFNLNNVNICTIIESAIMCSEEKNIEIIGGKYIYNLYLPKANKIYITQVWTAIEANVFFNVIDSQEWKETQEIKEFSKYKFKIYIL,-0.4918179214000702,-0.6264680027961731,-0.77930748462677,-1.413372278213501,-0.7662755846977234,-0.22791548073291776,81.0,0.54
id_14,IIIIAAARKNNGINRQDTLLWCSPAEKKHFKANTYQIIVMGRKTWESVPKLLPGRKHIVVSRSSDYAFNVHYVSDLREAVTYCRQAEMVFVIGGAQAYKEVIKLAERVEVTSIAGKFECDRFFPNYTEKKYRFVIHEPGTDMCEFDFVTY,1.1117726564407349,-2.29006028175354,0.11033099889755248,-0.183209165930748,-1.0159220695495603,-1.580952525138855,87.0,0.58
id_15,LSLISARTQNYAIGVDGQLPWHIPQDQALFKRVTTMAVILGRKTYEAIGRPLRNRINVVISSRTNGEQTVKLYKSPNDLVPLLEKKKRVYIVGGETIYKAFMEYIDNVYVTFISKSFEIDTKYINYNFNEWFQGIEKEFVNYIKHDFIIY,-0.6417893767356873,0.790878176689148,-1.6956123113632202,-0.034101616591215134,0.22466988861560824,2.196756362915039,87.0,0.58
id_16,VFAIWAQTTEGLIGRKGDMPWHISKELKHFRAMTMHTVIMGRRTWEGMPRVLPERRNIVVTSTQLENAGEQFVPDLEKAVENCDKVSSVYVIGGGQVYQLTLLKADRLYITRVVATFECDTKFPEINPETFVDVATECHFNGYRFSFVTY,0.5724900364875793,-0.9058136343955994,-0.4381848871707916,0.02440115064382553,-0.8805501461029053,0.3808408081531525,83.0,0.5533333333333333
id_17,LSLIVAISDNRVIGRDNDLPWHLPDDLAYFQRMTTHPVIMGRKTFESIGRALPQRRNIVLTRDKDYLAGATVVHSVEDAVDEIAQEQEVFIIGGAEIYQSFLPYCDTVEVTQVDFDYDGDAWMPNLDKEEFEEVKESGEKKYSHCFVKK,-0.740061342716217,-0.7191259860992432,1.1624679565429688,-0.9461445212364196,0.5886776447296143,0.8422951102256775,72.0,0.48
id_18,LTGIVAADRNFVIGLNNQLLWSIPNDWKYARKKTTNMIIVGRKKFEMLPNLLDNRVNVVITRRELSCVDWNSVKEVGTELDSIYFMGHREAFKVAYTMVKRIVLGETLGQVRWDVYFEAYDLNIYPDTYESEYFSYKAKNPKIN,0.8416462540626526,-0.3212102353572845,0.9502657055854796,-0.262813538312912,-2.24003529548645,1.274926781654358,97.0,0.6510067114093959
id_19,ISLIAAMDKNGLIGKQNKIPWHLPADLRHFKKVTLHPVVMGKKTYESIGKPLPDRPNIIISRNQESEVGCLVIENLAAALAFACKDEIVVIGGGEIYDIMLPLAHKLYITFIDVTQEGDATFPELDKEKWVEAGKEKIPNDYAFSFNIY,-0.3199540078639984,1.1567822694778442,0.8677027225494385,-1.3575074672698977,1.1988658905029297,0.7674058079719543,69.0,0.46308724832214765
id_20,LNHIWAEDQNGVIGNDNTLPWHLPRDLARFKETTMHPLIMGRKTWDSLNRPLPGRENYVITRDRAFTPGVQVCRDVASALDYAHRDRPFYVIGGEQVYEQFLDYADRMYITKVQEEVEGDAFFPYPAADEWILTQEVKGINPYRFEFLVY,-0.2262135595083237,0.9860274791717528,0.6212788224220276,0.4615969955921173,0.3010880351066589,0.3271964192390442,71.0,0.47333333333333333
id_21,ISMIAAVAKNRVIGKNNQLIYDLPDDFKYFSRETSHVIAMGFKTYESIGLSLPGRINWVITRDHEYSFDIKIVHSIDEAMVSIEKEVDLFMSGYAEIYRQGLETCDRMYVTRITHEHFVDAFFNEIDSDYAEIKSAEPKIKNFEDHYVTY,-0.7632530331611633,-2.369247913360596,-0.019650625064969063,-1.7071672677993774,-0.03372038155794144,0.6444191336631775,81.0,0.54
id_22,LTIIAALAPNRVIGVGNAMPWHLPADLKHFKAVTLHPVIMGRKTYDTIGRALPGRRSIVVTRQAAWREGVEVASGIEQALEAMVIGGGAVYATALPLITKMVLTEVGTNVPGDVGFPEYVPENFQEAFSEKYWGYPYEHAT,-0.20269356667995453,1.5237922668457031,-0.930698037147522,-0.6638716459274292,-1.8635585308074951,-0.5114679336547852,68.0,0.4533333333333333
id_23,IVVVVAVDKNRMIGKDNQIPWKISLDRKYFKALTIKSIIMGRKTFESFPKPLPDRKNIVISRNIDLCFGAEIAHSIEEALAICQAYPEVYIIGGAQIFAQAIQFADAVFITEIDVSLRADTFYPDIEKEAWKQAAAEEVENKYPYCVVHY,0.5103048086166382,-1.4179872274398804,-0.3292723298072815,-1.3026649951934814,0.6387965679168701,-0.4703744947910309,76.0,0.5066666666666667
id_24,LIAAVAPNAGIGRKGQLPWALPADLRRFKALTTATMIMGRKTWASLPGALPGRTHIVLTRQVGYNAGADVAMSLEQATAWCAGENEVCVIGGARIYAQAIARAEDVYATEIHRTYEGDTFFPVIKTTEWVEVSDEQFTNSIAFSFTSY,-1.3268575668334959,-1.16450035572052,-1.473215937614441,-0.046734057366847985,-0.6422807574272156,-0.27399030327796936,71.0,0.47651006711409394
id_25,SIVAAMSKNAVIGKDNEMPWHLPADLAWFKRVTLKPVIMGRKTFESIGQPLPGRLNIVISERDDLSVEVIVMKSLDEANLIKRVQGEWMIIGGGELLKEYLPMADKIHRTKIEYEREGDRFESLPENWTETFMKKVEHDYSATFLIY,1.0931020975112915,0.9573454260826112,1.4076446294784546,-1.065247893333435,1.187353014945984,-0.4075640439987183,69.0,0.46308724832214765
id_26,VSLIVAVGRNGVIGKDNGLPWRIKTDIQFFKRLTSNPVVMGRKTWESIGKPLRGRTNIVITRSAKEEEGLIVAGSLPQAMAIAHVFEQVIVIGGAKIYAQSLEKSSIIKATHIHANLADVRFPRIGREKWKTRHKERFSDFIYAIVDY,1.8373830318450928,1.2891806364059448,-0.8225083947181702,-0.05999810993671417,-0.6716058254241943,-1.4348740577697754,75.0,0.5
id_27,IALIAAMAENNAIGKDNQLPWHLPDDFAFFKKVTMKAIVMGRNTFESIGRPLPDRTNIVITSQTDQIKQVLVVNSIEEVLDAAESAEQLYVIGGAELYKAALDIADRLYITRIHKEFDADVFFPPFDKDIWKKIKQEAGGHEYPFVFEVY,1.924751162528992,-1.9739834070205688,-0.008507122285664082,-2.1784625053405757,2.3844900131225586,-0.3859153985977173,66.0,0.44
id_28,LAIIAAAKHWGIGNKGKLLVWNPADLFKFAKSTTVKVVMGRHTYESFFRPLKERINIVITRNLKEKFGAVIAVTLAEILDAHRRYEDIYFIGGAKVFRQMMDKAGHAEITVIAENVDWDTYYAAIDGATFVVISETFERNDLHYLVETF,-0.34434184432029724,0.19831404089927676,0.8835864663124084,0.5114170312881471,0.2869955003261566,0.04217454046010971,86.0,0.5771812080536913
id_29,TLVAALDKNWAIGYNNSLLVHIPADFKFFKQKTRGVIVMGRKTFDSIGKPLPNRTHVVITKDHDYQARVVVIHSPEAAMNIVAKTDEWVIAGGAEVYEALLPYAQRLYVTVTHHVHDGDRYFPDLDWKTWEVAEKEVVKNPYDYKYCTM,-1.0710176229476929,-0.6196870803833008,0.7790166139602661,-2.1132612228393555,0.8817558884620667,0.6112063527107239,76.0,0.5066666666666667
id_30,IAMIAAMGENRVIGKDNDIPWSIPDDYKWFKKKTLKPVIMGRKTFESIGRPLPGRKNIVVSKKENWDRGITVCTTIDEAKDIDIIGGGEIYKQCLNSVSVIFLTLIDVQMEKEAYHPETSIDENVTPQFDWINQYGHRFSIF,0.8548139333724976,1.686007022857666,-0.09916498512029648,-0.5273805260658264,1.621838927268982,1.281934380531311,77.0,0.5167785234899329
id_31,QLFVAMDENRVIGKGNDLPWHFPEDLKYFKALTLHLVIMGRKTWESIPRPLPGRKNLVVSRQKNYDPGAQAVSSLEDALEICDTGDTIYIIGGGELYTEAIKLADRVEVTTVLVEAEGDTHFPEWHPEEFVETFRELQVAGVSFCFISY,0.9690567255020142,-1.8595242500305176,0.6395802497863771,1.2419716119766235,-0.2671729326248169,-1.2561197280883791,74.0,0.4966442953020134
id_32,ISLIAAIDRNAAIGFENQLLRWLPDTLKRFSALTTHTIIMGRKTFESFPGALPNRRHIVLTRDKRLQFGDYVTITLKEALKKIEEVFVVGGASFYRQTMVKCEKMYRTHIDAALKADRVFPQIDVSQFALVKESDWPFDYEIEFLVF,-0.38763776421546936,-1.0296099185943604,0.9499260783195496,-2.4817588329315186,-0.9607139229774476,0.11827955394983293,71.0,0.47333333333333333
id_33,LMVAATRDRGIGIQNGLPWHVPGDMKRFRRMTTNAVIMGRRTFESINKPLPGRLNIVLTRQLSYRIGVLHMHSVEDALQLCARDAAVYIIGGSEVYREAIPMCDKLIDTRIAQSFEADTFFPNIDEHQFALVSLDVQSKNYKTIFVIY,-0.04462362453341484,-1.5832653045654297,-1.9772810935974119,-0.5490506887435913,0.5277280211448669,0.4011909365653992,79.0,0.5266666666666666
id_34,VKIVVATAQNFGIGKDNSMPWRLKNDFLFFKKITMNAMLMGRKTFESIPKALNKRKLIWVTRNEIETVNVLNAGGLEFYKKMEKYQHTIIFAGGKGIYRFAAYVEIDLIITKFLEGVDGETFLRGFYLSNFLEFVVNKKKNGNNFICFIK,0.718735933303833,-0.06235512346029281,-1.171794891357422,1.1006919145584106,-0.34707650542259216,1.012450098991394,94.0,0.6266666666666667
id_35,NTLIWAEDRKNCIGKDNGLPWHIPDDLKLFKKETTHTMVMGRKTYQAFGNLLPDRMNVVVTNGESFEFDTYICHDKHQITHIIQNEKEVIVIGGEQILEEFIKKVEVVYITYIDAKIYRDFFFKDFNTNEKEIFYRLDEINIKKYSMVKN,-0.7721151113510132,0.8047608137130737,-0.08912323415279387,-0.1857251077890396,-1.8085055351257324,1.4882525205612185,90.0,0.6
id_36,NIIMAVDRNWAIGKKNDILYKIPADMNYFRDLTKTVIIMGRNTLESFPQPLKNRTNIVLTKHKEFKIDYLVVHSYEEVCHAIKKDEVIYIIGGESIYNAFDPYCSRMYITEIDYTFHEDSYFPDYDFSEYELIPEEDQKTHHSFSFYEY,-0.7815395593643188,-0.6419408917427063,0.6537786722183228,-0.6846969723701477,-0.08661986887454988,0.9729825258255004,71.0,0.47651006711409394
id_37,LTIIVAASRNRVLGNGLGMPWHLPDDLKFFKALTEKAVIMGRNTYESIGRPLPGRENIVISREEDARSGIVVTESMEASVEACADHETVMVLGGARIFQAALPAATRLEMTLVTAQVDGDAHFPAFDDYQWQAVSQEFLNQRHSFDCVVY,1.4203739166259766,-0.4244989156723023,0.37847068905830383,0.08404575288295746,0.17289918661117554,-0.611045241355896,73.0,0.4866666666666667
id_38,LNLIWAQGMDGVIGNEGKLPWYVPEDMKRFREVTKHTIIMGRRAFESLPGPLKKRRIVILSRRSLFNDGVHFVSDLEEFLRGAEIYTQFMVQVTRCSYTVVDYGVVGDYFYPYLTLPEKDLVIREAEDFISY,-0.5616977214813232,0.286202073097229,-0.7443121075630188,1.196857452392578,-0.6564649939537048,1.1183813810348509,81.0,0.6136363636363636
id_39,RNIIVAGTLDQGIGQGGKLPWNLPAEQKFFRDKTLHIIAMGRKTYEAFPAPLPGRLNVVLTRKADERAGAEVFASVEEVVDELKPAQEAFVIGGAVVYDVFMSIADDLYKTHVDLAVDADTFAPELDPVKWRITGREEHANSFEYMFTDY,-0.15196307003498075,-0.39538806676864624,0.2631196975708008,0.5096635222434998,-0.34214913845062256,0.38969650864601135,83.0,0.5533333333333333
id_40,NLIVAVGVNWGIGYKGGLLVKIDRDMKFFARMTTKAVVMGRKTYESIPQPLKKRFNIVLSRNRDYEIGATVVESVGEAMALSHDYEAVFIVGGEEVYEAMMPFADKMYITYVHAQFEADTFFPELERSDWEQTCDKKFKNDYPWTMSIY,-0.5577468276023865,0.4925769865512848,-0.4892953336238861,-0.8688607811927795,1.1798356771469116,0.8463654518127441,76.0,0.5100671140939598
id_41,WIAMWAEDTKQTIGAKGGLPWHVPRDMKHFKERTMTLIVMGRLTFESMPKPLPHRNHIVLTHEENYEIGAFVVPSIEEALEICYKFKDAYIIGGAQIYKEAMDFADTIELTKIHVNIEGDTFFPEINGEVFEILKEESHMDGYDTTKIYY,0.43904584646224976,-0.8016845583915709,0.4346295595169067,-0.07790548354387282,0.4950839281082153,-0.12428995966911315,79.0,0.5266666666666666
id_42,LALIVATDKNSWIGKKNEIPWMISREFMRFRKFTTHTLIMGRKTFESLPKPLPNRINVVLSHQKDAKAGVIVVSTREAAIKYQAQKEEVFIIGGASIFQDFIEKCDVIYVTEIHENFDADVFFPDIDPSDYELVFESDKTHDVSHRFITY,0.5067217946052551,-1.856461763381958,1.0562809705734253,-0.15211524069309235,-0.556353747844696,1.0367082357406616,78.0,0.52
id_43,IIAIVAADEKSGLLCNGGLPWWKKKEEHYYASVTTMAIVWGKSTYFGWPKEKSTTIVCVIAHNKVNENSDFIAYPPVEYSDITTDDINYYFGGKLYTFRSAELNASVICYPDVICSFDDKTKPNDMDITPLEKSVIFGKNFLVKSRDYFL,2.43069839477539,0.14431165158748627,0.6440162658691406,-0.5651513934135437,1.3779062032699585,1.7199394702911377,108.0,0.72
id_44,QASGLIGKNGGLPWRPIEEMRFFRDLTQKVIVMGRRTMESVPRPLPGRKNIVISRQGTVERGAGAVRSLDQVLLAAQLTSTAVVIGGGQLYREALPITDVVYVTVVETQVEGDTYAPVFDRDWSIVSREGWETVTSTEFMHY,-0.3442665636539459,-0.20149224996566767,-0.7774586081504822,0.32291820645332336,-0.4067113697528839,-1.5051875114440918,82.0,0.5694444444444444
id_45,KYIWAQDTKSIIGVDNKLPWNLPNDLKFFKETTIKTIIMGKKTYHSLGHVLPNRENIVLTKNEDFDNGATLFDTIEDLVKCCEDHEDIYILGGATIFEKFLPYAQKISITIFEAVEDFKTYHPNPDRKEWTITVKAPEKNPVEHNICTY,-2.0565340518951416,-0.3080725967884064,0.9650830030441284,0.18353743851184845,0.23695650696754456,0.019088994711637497,85.0,0.5666666666666667
id_46,ISLIVAVSENRVIGADGGIPWRLRTEQKRFKELTMNAVVMGRKTYEGIGRPHAGRTNVVVTRNPDYQANVLVVHDSEEAIPEKEQDERIYISGGESIYQCMLEMADTVHVTIIKGKPRYNAFHPKFDTPYFSRARGEEFTDSIDFTFETY,0.5114308595657349,0.6857449412345886,0.21443122625350952,1.3513249158859253,-0.04939800500869751,2.1304523944854736,81.0,0.54
id_47,LSIVWAQAEAGVIGCGQGLPWHLPEDITHFKAMTAHPIIMGRRTWDSLPRILPGRRNIVVSRDRDYDAAEVAHNPVEAIDLFVIGGEVLYRDTLPMADEIYATEVHATYEGDTFFPDWADDAFEKVSRGCAPDFDFTVW,-0.24506822228431704,-0.5326862335205078,0.027712039649486545,-0.15993903577327728,-2.229863405227661,-0.3531055152416229,72.0,0.48322147651006714
id_48,LSIIAAISKNNAIGRKNEMLYHLPNDLKTFKEQTLATVIMGRKTYESLNKVLPGRRNIVVSRQFSFWHGVRKVGDIEQALIFAGMGSEVYVIGGAVIGRQLLPVVDRLYITEIGGQFDGDRYFPEFSSPEFSEIARQTPENLYGYQLIIL,-0.04317047446966171,1.0567506551742554,-1.6253201961517334,-0.4485672414302826,-0.7245428562164307,-0.8337584733963013,74.0,0.49333333333333335
id_49,AALVVAVAKNGVIGLRGGIPWRCPEDMKRFRRLTTRTVIMGRRTWESIMRPLPGRTNVVVTRQPDFHAGAYVVGTLPEALAARAGEDRVWVIGGGEGYAAALPAADPAELTVVVGEEGGDVQAMEFQRWLGIASRPLK,1.5487887859344482,0.3930013477802277,0.34341344237327576,1.013453722000122,1.378034591674805,-0.2520205676555633,69.0,0.5
id_50,VIAAVDPNWGIGRKGKLLTRIPDDMKFFRQTTTKVVVMGRQTYESLPAPLKNRTNIVLTRDADYTAGAVTVKSVEEAIELAKNDEDIYIIGGAQVFEDFIADADTLDSTRIDADIEADAWMPYLDWDEWSRTQDAPMTEGVEYTFQTY,-1.2693777084350586,-0.8039799928665161,0.22609609365463254,1.5733137130737305,0.6089921593666077,0.6378374695777893,68.0,0.4563758389261745
id_51,SGLIVARDKNGIIGKDNKLPWHLPNDLKHFKRITLKPIIMGRNTYDSLGKPLPNRPNIVLTSNPLYKQGAEVYHSIEEIMAHCQKYQEVIIMGGKQIYKSFIPKADDLELTTVDIVKEGDTYFPEISAEWKIISREKKVNRYNCYFVYY,-1.1943830251693726,0.9785763025283812,0.5747880935668945,-0.2525321245193481,-1.043865442276001,-0.0584229901432991,73.0,0.4866666666666667
id_52,ITFVVWSDDNAAIGKDGKLPWRLPDDLQYFRRLTMHAIVMGRKTFESMPEALPGRLHIVLTRDKSYEAHAVVVHSVNEVIKWQKPNQTIYIIGGEKIYQLFINYCDRIYDTKIDESYDADAYFPNYDVNDWEVMSETEGKNKYEYYFTTY,-2.307953357696533,-1.7887351512908936,-0.4746641516685486,-0.4841527342796326,0.7779894471168518,1.4799147844314575,77.0,0.5133333333333333
id_53,LSLIVAVTPNRVIGNQGALPWRLPDDLRYFKANTSRTVIMGRKTFESFGRALPKRRNIVLTRDLDFQAGVVAMNSIQEALIAGSEKELFIIGGAEVFTQMMDIADSLCVTWISNEYQADSFFPKIKHTEWKLAVEESSR,-0.4838637411594391,-0.0006944187334738673,-1.2507175207138062,-0.10678298026323317,0.19453400373458865,0.5458195805549622,75.0,0.539568345323741
id_54,ISMIAAMDVHHVFGKGATLLWHLPEDFRFFKERTMKAIVMGRNTFESIGKPLPHRKNIVLTSHPSYQNGCLVINSLNELINEIMNQFEIFIIGGEKLFEAFIPYANKLLITIIHETFKGDTFFPSFPEQEFKIVDQVEVENLPDYKFIIY,-0.7910510897636414,-1.5747025012969968,-0.1100931391119957,-1.642529845237732,-0.8146761655807495,0.9458272457122804,75.0,0.5
id_55,IALIAAVDEQWAIGKDGQLLVRIPADQRFFRYKTTKVVIVGRRTLESLPAPLAGRVNVVLTRRKSFQVNYVVVHSMEQVMLLHAEEGVVFVIGGQEIYSAFFPVCNKALITRIDEKYECDTYFHQFDIRAWKLCSKQKNES,0.06039337068796158,-0.9049819707870485,0.7303962111473083,0.10488759726285933,0.43336358666419983,1.2690812349319458,78.0,0.527027027027027
id_56,TSMIAAMDRNRAIGINNKLLWHIPADSKHFKATTVHPVLMGRNTYDSFGNALPNRKNIVLSRHVGSSIDCQVFHSLQTALELSNKDEKVYIAGGADLYILALKYSYRLYLTRIHSEFDGDVFFPEYDLEPFEEVARELKANDYKYVFNLY,-0.241177037358284,-0.4586361348628998,-0.3986580669879913,-0.3862352073192597,-0.6616795659065247,0.5705707669258118,78.0,0.52
id_57,IISVVAAAENGVYGNDLLIPWTDPKDIKFVKETIGRIVLGGKKNFESFKKSISNRYVIIFSRKVDQPAKGLVIETEEWLMEYKEQHKHVSIYGVQIVKSLYDMDVEKRIVSKISETYQDAMVFATKEEHDFSESVAREEKVYHSKYYKYQ,-0.3450738787651062,-1.722362041473389,1.1070787906646729,-0.8189277052879333,-0.02644109167158604,1.6251845359802246,100.0,0.6666666666666666
id_58,ITLVVACAENNVIGRENKLIWHLPEDFKHFKALTMKPVVMGRKTADSIGRPLPGRTNVVITRQAQFEIGVETVHSIEEALAAAASPDEVVIIGGGQIYTSFMPYAGRMYVTCVDLSVDGDTTFPEIEKNEWTMID,-1.4603798389434814,1.815366625785828,-3.177443027496338,0.08589618653059006,0.15426598489284515,-0.6042285561561584,66.0,0.48175182481751827
id_59,KLIAAVGKQGVLGVENDIPWRIKGERKYFSALTNKVIIWGRKTWESIPRPLPGRKNIILSRQFVLSHSSLLKAPMGEAIKFAQEVEEVWVIGGEQVFEQFIQKADQIIITKIDHKYRGDTYFPEVQSSAFQVVSAQDHANLIAFTFAEY,-0.1493450254201889,-1.5661598443984983,0.1827939748764038,0.8875328898429871,-0.2822416126728058,0.3032037019729614,88.0,0.5866666666666667
id_60,VSLIVMMDKDTAIGYNNQIPWTLNDDFAYFKEMTTHYVIMGRKTFESIGRALPNRYNIVLTRNKDYSFEVVVVNSVQEILEVAETVEEVYIIGGGQIYRLFLERCERILLTEIDAVIEEDRSFIIYDWKKWYVSESQSWNNIYDFQYVYF,-1.6053558588027954,0.9881277084350586,-0.9759593009948729,0.6591585278511047,1.004364013671875,1.5126680135726929,80.0,0.5333333333333333
id_61,TDLVWAESESGFIAMGGGIPWHFPKDMRHFRALTTNPVVMGRRTFEAIGRPLPGRRNVVLTRQPDFEAGVIIAKSVAEALAVFSQSGEVFIIGGGEIYKQFISNADKLFISEVEHLPEADAVFPNVDPTLWEVVFESIFRNEIDYRFEIY,0.347686380147934,0.8659159541130066,0.0957253947854042,0.5406333208084106,-0.2041427344083786,-0.02167186699807644,81.0,0.54
id_62,CNIIVAVTRNWAIGIKGNLPWKIPEDLKYFREMTIKTIIMGRKTWESLPKPLPDRINIILSRDTRGTVYTKFMEIAITLYITYIDYECEGKKFFPDIMLTNYGLVRYNFENNNCDFEFYNL,-1.2408859729766846,-1.2635499238967896,-0.7028186321258545,-0.09088315814733504,-0.8090140223503113,0.5450123548507689,81.0,0.6377952755905512
id_63,ISIIAALNENRAIGYNSDMPWRIKIDQSHFKATTYKAVVMGRATWQSLEKPLPGRGNIIISRTLDQGFIVSHSFEDAVKITNKKEIVFVIGGASIYKEVMHLATKLEVTLINVDFDTDTFIPEKADFTWHSVSKEKEIENVEYTFVVL,-0.022091463208198547,0.8068972826004028,-0.2088644653558731,0.2679280936717987,1.3131805658340454,1.5234966278076172,80.0,0.5369127516778524
id_64,LVLVAAVSQNGVIGKGDGIPWSIPEDLKFFRESTLHTLVMGRYTYEAMGPLKGRKTVVLTRTPQFTSGARIFRNLEAALRDCRDAEDIMVIGGGAIYKGKLDRAFRLYLTEVTAESVCDVFFPAVDDERELIDKEHPK,-0.4751994609832764,0.6418764591217041,-1.705402135848999,1.1821496486663818,-1.3285704851150513,1.0426356792449951,75.0,0.5357142857142857
id_65,QAIVARTPGNGMGFDGVLPWRCSSELARFAQVTMQAVIMGRKTWASLPKPLPGRMNVVLTREADERLQALTCTSLDEALRYAQTDRVWVIGGAQIYREAMEICARAFVTEIDRSPEGDVFAPVIDPAQWRPVASEAPPNPLRYRFEED,1.4529150724411009,-0.7912775874137878,0.032636754214763634,-0.38699135184288025,0.6822472810745239,0.14256024360656738,75.0,0.5033557046979866
id_66,QNLVAACICNGGIGINGALPWRMPSELKRLKEETMGTLVMGRKTYEGIGRMLPERLTVVLTTDVAFAIGAAVERAVDLVVEEIKGQEIIYLAGGASIFEVYLSRCDVIVSSEVAENSGRAEARDFDESFPAVHDSTVREVHGRFVKADL,-2.4634804725646973,0.9562709331512452,0.02240892313420773,1.254403591156006,-0.6447689533233643,0.6261862516403198,90.0,0.6
id_67,ISLIVATSQNGVIGKQNEMPWHLPNDMKYFKQLTTHFVIMGRNTFESLNRLLPDRKNIIISRSDTSQNGLKFYHSIEQARQKAIEIENVYFVGGEEIYEMCIDFVDKIIMSFIKVNYKGDVYFPNFNEVTFEQVASKEVEKDYTY,0.013984555378556252,0.3557407557964325,-0.16369286179542542,-0.15262827277183533,-0.11639517545700072,0.2479989230632782,78.0,0.5379310344827586
id_68,KYIVAIDKNWQIGYKNRLLSWIPADMRFFREETSKVVVMGRKTLESLPRPFKNRTNIVLTKKERYKAGAVIVHSVEELHKYLQTYEDIFVIGGTDIYQSFLDYCERLHITRINVNKEADTFMPYYEVPDWSCIKSIDGINGINYYFETY,-0.024831358343362808,-1.0179749727249146,-0.13201208412647247,-0.20671145617961886,0.7587203979492188,0.7323092222213745,65.0,0.436241610738255
id_69,LGIIWAMDRNHAIGYNGALPWHLPDDMKYFKQTTMQVIIMGKRTFDSIPAVLPGRKNAILSRDQDFKGEVQLTTDKDALKAYADNDEPLYIIGGEKVFAMLEGHCDEAIITDMADKFRADVYPDMDWSALVKRSQTAIENPVDV,0.7652494311332703,0.3596259951591492,0.13161054253578186,0.9083832502365112,2.547727108001709,1.2044837474822998,88.0,0.5866666666666667
id_70,LTLIVACDENHCIGKDNAIPWHYKEEMAFFRNQTSNWVVMGRKCYESIPKPYKNRLNIVISRELKYNRQVIWVQPKNDALIFAYDQEDIFVIGGSSIFKRGITVFTTIFQTVIQSHFEADTFFPELSGEEWKKLPLCGEKVGITYRVEKY,1.2162203788757324,-0.8913751244544983,0.1429818570613861,0.6752720475196838,2.7726798057556152,1.1660281419754028,87.0,0.58
id_71,CSLIVAMAENRVIGRDNDMPWHLPDDLAWFKRCTLKPVVMGRKTYESIGRPLPGRHNIVVSRQTAFEAGATIAGSLELALQYAAGTPKLMIIGGGVIYALTLPRVDVIYATHVDAEIDGDATFEAFD,-1.1630394458770752,1.9945807456970213,0.040967512875795364,-1.1685837507247925,-1.39667809009552,-0.9797611832618712,66.0,0.4429530201342282
id_72,GALWAQTRAGGIIGGDAVPWRMLEDQLYFKEMTISTVLMGRRTWESLPRFACGRRNYVVSKRRQDQQGAETFGSVEDVIDCAVWEAAKVIGGAQVYGQALRLATDIVVTRVAAEIAADTVFPAYDSASWATVVGEPQRNGGCMHFIRY,-0.18674977123737332,0.010931852273643015,-1.1336339712142944,1.321161150932312,0.3280397951602936,-2.505095958709717,81.0,0.5472972972972973
id_73,IVAIAAMADQRVIGQDGKLPWYLPADLQYFKEKTQKVIIMGRKTYESIGRPLPNRMNIVITRDGVVGVNGLESIEAILTQKAEIMVVGGVEVYDLLFSIAKRLYITEIETNPEGDTWFPFYSWESWEHLERHQMENKYAYSFVDY,0.527689516544342,-0.5520021915435791,0.2766778171062469,-0.8255687355995178,0.8380813598632812,-0.3080061674118042,69.0,0.4726027397260274
id_74,ITLVVAATLNNGIGRNNQLPWKLPTDLKFFKSTTLKPIIMGRKNYEAIGKPLPKRTNIVVTTNPYFQGGMLVFSSIEYLQEEEEIFVIGGAEIFEIGFDMVDKAYIAVVHHQVDADAVIEYFKESFWEQQAEESFQKRYDYRFFEY,-0.19568870961666107,0.4235432147979736,1.508476734161377,-0.920648157596588,-0.5602236390113831,0.32173779606819153,77.0,0.5167785234899329
id_75,LNVIVAVDKNHVIGKGGGLPWRLPSDLAWFNRLTMKPVVMGRKTYESIGRPLPGRNNIVVTRQKDFEIGVVTVQTLEAAVATRADADEIIVMGGAAITAPWLPRTEVLYVTEVDAEMAGDAFFEDWDEQTWGEVEREESLNAFDVHFVCY,0.0755576640367508,-0.13003619015216827,0.18938811123371124,-2.5222830772399902,0.3667888939380646,-1.0826120376586914,71.0,0.47333333333333333
id_76,IVIAAMDENQAIGREGQLPWRLPEDLHRFKENTLHPVLMGRKTFEDFPRPLPGRHNIILSRQKQFQFNCRVFNDCEEILGYADYQEWLNIIGGQSIYKLLLPEYEKLYLTVIDAKKDGDTYFPNFDVDRWLSEEQIYRQNGYPYCVTIL,-0.5656301975250244,0.44282805919647217,1.6184669733047483,0.5530493855476379,1.2089186906814575,0.8666972517967224,78.0,0.5234899328859061
id_77,LIVVIACTRDMGIGKQGNLPWNLPKDMAFFRRRTTNAVIMGRKTWESIPKLLKDRLNVILSRQPKEDPKGEVAPSLQEALEYFAADRVFIIGGAEVFEEVVPAATTLYVTSVHSAVEADTFMPEIRETEWQEVADETGSKAITCEVATV,1.0035960674285889,-1.5416970252990725,0.8039276599884033,-0.7748119831085205,-0.4581099450588226,-0.18365922570228574,81.0,0.5436241610738255
id_78,QVVAAVARDGAIGIGGDLPWRLREEQKHFQAVTACAVVMGRKTWESLPRPLPGRMNVVVTRSGEEDPGAVVCKSLDEAVVELSLDRKAWVIGGGQIYREALESCDRIHLTRCLSVYESDVYFPVKGDEVFRLEASEQFDDFADLY,0.656255841255188,-0.5670199990272522,-0.8492383360862732,0.4494203627109528,-1.1470625400543213,0.6671891808509827,71.0,0.4896551724137931
id_79,ISAIVAMDENRVIGKDNKLPWRLPADLAHFKQVTMKTVVMGRKTYESIGRPLPGRRNYIITRNPGFRGDIEVVHSIDEVLVAVAQQDDLYVIGGGSIYISNAEVIDEAYLLRVHSVFEHHYLNPVDESAHQLREVSDDKNAIPGTFENY,-0.6544927358627319,0.028974086046218876,-0.398341715335846,-0.2633043527603149,1.5750141143798828,1.1739143133163452,77.0,0.5133333333333333
id_80,MSMIVAATTDLVGGFKDGIVWRKIDDQRRFKALTTKWVVLGRKTADSPPALPNRYVVVISRSTQSQAALDFRDLEEVLQLQADSAVVFVIGGASIYEALLDCVDELPVTRLHEQIEGDTFFPEITAQRYNLVSSEPVKIAGDYEVLRY,-0.0008424540865235032,0.401474803686142,-0.3446918725967407,0.040984392166137695,-0.6723133325576782,1.04595685005188,88.0,0.5866666666666667
id_81,KTLIAALDGQNLIGYARGMPWLLPKDLAHFKAATKNTIIMGRVTYESGKRPLPNRTNIIVSSSSLLLPEVLTATDVESAIDAPETDELFIIGKGEVYRTGIPYVDKIYVTEIEAGKEIDRFFPEIDQVAWEMEHIRNVDHTEYEIVDY,1.1658341884613037,1.0331608057022097,0.005546329542994499,-0.7854515314102173,-0.7475329041481018,-0.2474602460861206,85.0,0.5704697986577181
id_82,LNLIVAATKNMGIGYDGHLPWRLKNEIKYFARMTMNVMIMGRKTWDSIPRPLKNRINIVLTRSQTVNEGSKVVDSADNAVRSAEEIADDYVVGGADIYQIALSYATKLEVSDVNQSFQSDAFFPEKQDCTWKESEREGQAGHRYTFHHW,0.5330243110656738,-0.1855931431055069,-0.5020177960395813,-0.2280680388212204,0.02201317809522152,0.028593888506293293,74.0,0.4966442953020134
id_83,LGAIWAETRNGVIGKGLALPWRVPEDLRHFKEMTMAAIVMGRKTYESMGRPLPGRVNIVVTRQVDLVFDVRVSGSLRAALELCEQADFVWIMGGMKIYEEALSITERLHITEIEKDFDCNVFFPEFKSLWNETSSPSINGVFYRYRTW,2.2826998233795166,-0.5356494784355164,-0.8769976496696472,-0.694825291633606,-0.8101010322570801,-1.330238699913025,77.0,0.5167785234899329
id_84,TLIVARDRNGLIGADGSMPWKLPEDMKFFMKTTECAVLMGRATYESLGRPLKGRLNVVVTRDDEWRPGVEVAHSFDEADVIGGATIYTQTLDMADVIYVTHLEDVIAGDEVVPNIPSENPVSFVSKFCSNYNYSFCIY,-1.0798335075378418,0.6837911605834961,0.3828251957893372,0.8414894342422485,-0.3830251395702362,-0.22180768847465515,80.0,0.5594405594405595
id_85,VSIIVARAAQRCIGRDNEMPWHLPADLRYFKEITLKAVVMGRNTYQSIGRPLPKRPNIVVTSNAGWQPQAEVVHSLESAVQLSKGEPEIMVAGGGAIYAQAMPWANRVYITQVDAEVPGDVQFPEIEKANWTVAERYEGTNPFDHRFERY,-0.3025226891040802,1.4913233518600464,0.30257001519203186,-0.7795888185501099,0.8066607117652893,-1.0837279558181765,72.0,0.48
id_86,IIVVWAKSAQGIIGKGGGIPWMVPEDMLFFRKTTMSAVVMGRETWEAVPRPLEGRHNYVLTRQRTEKPGVYLVGDLQDALPAGEAAARVWVIGGSRCYRLSLGHCNAAIRTRIEEQFDADARVPDTPGFEPATRRPD,0.8790127635002136,-0.2504076957702637,-0.04813958331942558,2.550200700759888,0.7550866603851318,-0.3962081372737885,77.0,0.5620437956204379
id_87,KMIAAMDRDMGIGLEGQMPWNLPTELQYFKEITKNAVIMGRKTYESINRAYPGRINVVLTRNYKFTDVVVVSSIEGLEQYRKQIDEVVIGGGEIYQAFINFTDFIYVTRIEKNVEGDTFFEKIDWNEWVKSSNNYYSNDLDWSFRTY,1.3173210620880127,1.2100063562393188,0.798531711101532,-1.4740105867385864,0.11839542537927628,1.1098352670669556,79.0,0.5302013422818792
id_88,IVLIVAFANNYVIGKDNKMPWLIPEDLKFFKRQTMKPVIMGRHTYESIGRPLPGRMNIVISGDESFKAKVTVVHSIGDAIEMAEQIDEIMICGGGKIYNQAIAKASRIYITFIDVEIEGDTFFPQWDGPVWNTIKRVSFGNMRFYIW,0.03722544014453888,0.9492210745811462,-1.9571881294250488,-0.21745428442955014,1.1114530563354492,-0.8282903432846069,68.0,0.4563758389261745
id_89,KGMVAATSNNGIGKDGSVMWYRKKDLRFFVRVTKNCVIMGRKTFESFPRPFPNRYNIVLTRHRDRHLGVVVCNSVEDALKLVLGDERVYVIGGGSVYETYMQEADRLHITLIDINFDCDVFFPVVDYASWEEQSDTTINGFSYEYVTY,-1.150390386581421,-0.2947129011154175,-0.5990191102027893,-0.36427849531173706,-0.9456751346588136,-0.8508108854293823,81.0,0.5436241610738255
id_90,NLIAAVAANGGIGINGVLPWHLPADLKHFKQVTMGAVVMGRKTYESIPRPLPGRINYVISRQGNTDIGCELLKSLEEALEICPDDENAWIIGGAQLYAMALPLVDKIYLTRIAGEFAGDTFFPDFNTEEWVEVSDEHGANEYDFSIRVY,1.0590876340866089,-0.6751485466957092,0.3701431155204773,-1.4191266298294067,-0.3834936320781708,-0.25503334403038025,71.0,0.47333333333333333
id_91,LNIIVAVAKNGEIGSNNELPWYLSCDFKNFKMNTMKPIIMGRKTYESIGKVLPGRKNIVITKDKYYVDGIKIVHSKEDALKNCSEIEEVYVIGGAQVYRESMDFADKIYLTEVHKCFECDTFFPEIDKEVWKPIENNYNLNKYPKTFHRY,-0.4433099925518036,1.0347615480422974,-0.278621643781662,-0.8947712182998657,0.010809626430273056,-1.826923966407776,72.0,0.48
id_92,ISMIAAMSSGRGIGKNNTIPWRLPNEMKYFKQVTINIVIMGRKTYEAMGRPLPNRVNIILTRTPINNTDTIVMKSIEGIKKYRKKENTVYVAGGGEIYRAFIDDADVVLVSEIHRSFEGDTTYGQVDLDDFEIEQDYINTHDFHYIKT,0.5510883927345276,0.7461612224578857,-0.7726567387580872,-1.5930967330932615,-0.0688653215765953,1.6812570095062256,84.0,0.5637583892617449
id_93,LIIAIAADKQNGISGSNNLLIYFAPDLKEFKKTTTMCVIVGTKTIFSFPKPKEKNRNIILTSTPTAKVSVVHCIPLSELIREAKDAPAFIGGGGGVYRLAMGYCVVYMATHINEAVEAAVTFQDLEDWDQVLIAEGEEGTPKAEEAVQL,-0.018959160894155502,-0.2478487491607666,0.3865076303482056,-0.10622403025627136,0.3417472839355469,0.1798817813396454,93.0,0.6241610738255033
id_94,ISAIVALSHNLEIGTNQDLPWDIPADMHYFKQLTTKSVVMGRKTFESIPRPLPDRENVILSRSKEARDGMTVCTSIEEVMIAADAEELYVIGGAQVYTALLPIADTFLVTKVSEEIEADSYLPAFERDGWVVAVNYGYTGFAYVKA,-0.7565669417381287,0.018509721383452412,1.7525402307510376,-0.3356527388095856,1.336061954498291,0.5332557559013367,79.0,0.5266666666666666
id_95,VILVYAVAHNGVIGRDNAIPWRISSDLKRFKALTLKPVVMGRKTYESIGKPLPGRTNIVITRDKSYRIDAVVVHTLDDAIQWAGDYEEVMIIGGADVFREALSLTDRLVISEIQSDVDGDTFWPDPDRGGWIEASRTRHPNRYEFIYCVL,0.3219315707683563,0.4767580628395081,0.6927033066749573,-0.08398334681987762,-0.30259060859680176,-1.4266561269760132,70.0,0.4666666666666667
id_96,IAVIAAKAQNNVIGKDNQLPWSLPEDLKRFKQLTTHTVIMGRRTFDSLGFPLPDRRNIIITRNDGVDEALIACAEKSEVFIVGGGQIYKDYLPFADRLYLTLIDRTYENNVNFPPVWDDYQKIAEEAHKSSLEVNFETF,2.113456010818481,-1.4232089519500732,1.6796718835830688,-0.338191956281662,1.4904029369354248,0.08614156395196915,77.0,0.5133333333333333
id_97,IRIVAAMSQNLVIGKGKDIPWHMPADFARFRTLTLSTIIMGRKTFESLPPLPKRKNIVITRSPEATPEVFVSTSVAEALESVETAHEVYIAGGGEIYRQALDVADRIYLTEIDMEVDLDTYFPEIDPKVFHFVDENFHPKDYPYKYQTY,0.7946103811264038,-1.414238452911377,-0.2050199955701828,-0.3029666841030121,-0.7940704226493835,-0.4865874946117401,72.0,0.48322147651006714
id_98,NLIAAVDLNGWIGKNNNLLVHIKADMIHFKELTENTVIMGRKTFESLPQPLAGRNNVILSRKENYKFGVKTYVSLNDALDLFDVHEVIYIIGGAEIYNQAIESCSKIHMTEIDRTVNGDAYAMLFKEWELARQTKVSNGISYDYVIY,0.36656838655471796,-1.0574209690093994,-0.3229062855243683,1.2643133401870728,-0.15255951881408691,-0.086662158370018,82.0,0.5503355704697986
id_99,LSLIVAKSRNGVIGKQNKLPWHIPGDLKRFKLTTSHVIVMGRKTFESFPKALPNRTCVVLTRQQDVKRGAIVVHSPVDAIAIKEYSDDLYIAGGAGVFRELMEMLNKLVVTEIAVDFAGDAYFPSLDESDWQEGSSTAHPAPFPRQFVHY,-1.4845914840698242,-1.957762598991394,0.2705746591091156,-0.297234445810318,0.03654339909553528,-0.2371921688318253,78.0,0.52
