id,sequence
id_0,QDPELELQPDRIDIDFVNLQLVASRQERLAYSIRASIARTREGSVRSDMDRERMVQEEAAKTLEGNVKDLTITFISGEQTAGFKVY
id_1,PGSPRDLELLRDYIDMVDAALSTLFAQRQEISKAVQSYKATHQSTYLDRSREDQISEVLQWYAQAKALGPAFSETLKKLITESVVKRQRVMQ
id_2,SIEKPEDIRGRDDIDERDIRLIDLLAQRFDYSKDIGRTKAMEFIAFKQPDREQDIIARVREEAKSYNVDLNIAKDLYEKIFSEEIIQQMSSSRGK
id_3,KTLDAIRKYIDQIDQGILAILSERGALAEDIGNVKVAKNLKIFDPSREKQVYKRLEKKNRKPLMDNAIKEEFFEIISNSSKMEKKVKINE
id_4,LTPDPFNIVKHFRRMEDLFNMIMTIASRLQYYKTDVEKKVLEAAGEKGVSESAKQQQVAELSKKSIEDSFKEVMASLKRIFQASLSKN
id_5,YSDIQGEWAEKERVDALQITVIALSNALNTCAITPAEVKSSQTRSIDRMREETQVLARLMKEQKETEQPDFVLSFEIGLTQAMNVH
id_6,YFEMLKLRRLSASIDTLDLEMLERIGKRVEDVAEVVKVKRHIHLPTAREEQKLKKLDGTPEKLKNFYPYYTNVFSIIENKMNEVKQEQHFFQ
id_7,RDQTAELRVLRASIDSIDGSMIHALANRMRVTQEVGRLKAQYGIAPLDHRREQYQIDRAVAFARSRGLDPGFVQNVLRNIVESVKRQHQQIAGDS
id_8,PLAMTDLGALRLELDALDIQLVYVRQQRLRFMDRIGELKGKPDGNVSQYDAEQEVQSKYAYPAEDYRLQAESEVFPFELMIQERRS
id_9,AAPILELISARDEINQEQLQAIYNLLKRLNQTSQVTALHKVEDEAPLQGQAWRERMAKLVREADEKVGSKELAIFKELKVFKESIRLSLL
id_10,LAELKPLRARIDEIDREMLDLLADRMKLSAEIGTYKSKTGLPIYVAERESEVLNNRRAEPEGEGLNDEIVRLFRFRLQDSSNMQQSQKKLK
id_11,DLGVLREQLDSIDTELVTVFGDRMSVADVIARIKITQNTPFLDKGREDEIIEKVVTNVVDKNASTTQESFRQDIMRISREDQTQVLESY
id_12,AATKSLPDLREQINSLDPQLISLLRRRMQISRTVGGYKTDHYDPFRVKSREDRVLEKYKEAGEAPGLQGTLISTFFDDIVRSSYMNAYAHQDSN
id_13,YLDAINLFREQIDAINAQLLDLIERRRHFSQAIGARKKAQGVPIHDPAREDQMIARLAEANLGPLNSEIVIAIFRAIFKESLLLQEEMKVAR
id_14,RKNVEQIRAVIDEIDKEIAEMVITRANLVKAVGAFKQAIGATRLSPQIEREVIKRLDSGLQTSLQKLSFNKVFREFIRASVNMLVQQARY
id_15,ADGAPELEACRKEIDSIDDGLIHTLAKRLKIVDEIGSLKAAHNGVVTDQAREEKVVEVLKYAAKSKQLDEELAKEFLKMILRLSGEEQIKLINKT
id_16,LNTLEYTLSQLRREIDDVLNQLLKTLSVRRTVVARVAELAKENGLPVAETSRLAQVIDTALVREKNPILSDCVMSALWGESKQIENQF
id_17,IENIRELRGELDEIDDKILELIARRMDLVAKIGELKAQNGIKPLASQRLKNRFNRYENENEKPFESKIIMHVIEEIMKISKNLSHVEKK
id_18,ARNNEALFRERITECDDRIQVTIIQADRVRLALGEGALKHIADRDDEQRKRDVLTRAMHRAEGKLDSTTLKNIFQVVIREVTALERLQHDDF
id_19,KELEIYSKKKSDIVLLMASLFEMISRTAKLINKKILILDKEFDKFVEEKKKKNLKLYNKNIEDEYHLQQYYLKMSKEESLQLNKINEKK
id_20,ASLSEGRSLIERLDPPLFRLIEARRRIAREIGVIKIIARKQGFDADREEQAREKVVEENPGPMAASAPITIDAHTFKENRALVERMRLSA
id_21,PAEPAELLAYRREVIDFVDQIISMLNARRYHCVEVVVQYKKEHLVTVPCTREQAMIEALRNRDGTLNDDVHSATRFTLFPIHAAVFYRKQEFS
id_22,ESKELVTARLRIFSDSIEILDARLARLAYDAAISETKHKSAGFDEVLELERKKIVQEALGNSGQFKPVFAEIVTSLWVSSERASVYAMTQQL
id_23,KYLEKPMGISTIIAAAVWLMRFIFDNIAAQMKLYMAIAESDLEQEARNEQARMLEAALLDSQKQQEVYQLFSETLQAIIAAPLDELKR
id_24,SIETIDLLQDIRDNIDLIDKKIIFLLSKRSLAITRSANIKQSNLSPDLNKKSLEMYKTSMNKFIEEHVKTEYLVEISNSIISEKRIRSNR
id_25,SDAISGLSVINEQPKKIDQIFMEVLNPIQKWAIAKAMTGLSKGQQGEKRVQENAIMLDSSNSVLKDKEERVAREHTLLGTGRIKK
id_26,SEASAAELRAPAQAIEEPLLSLIALRAQADGAAARSAQDRGVASRDRRQERLARFKAVAELKDAGYAAATITRMFQEAVRGNEMLLGMLRAH
id_27,SDDLLELVNPRLDILDAIVFLLSMLDQRAKEAYSVVQEEILLDLAVKDPEREQALMNEIREKNIDFVLSADLAEKLLNQLVQAEKEREQAQQEKR
id_28,EYAPASGVVDEAAAALQTLLAVGKARARIAAKVAARDRQTSRVARARAAIDRLAAAAAAVAPQLMRAAAEALLLSAIGRGISRLFAY
id_29,PVSNPLWALRQEIDSIDTQLVALLNKRAELVRYVAEIKAGHNLPIADTEREKYILESISNQGRGCDIDNELVKLFKEILKACNKKRQKQITA
id_30,IVDEMEALYATDDELNQILNRLAARMAESMDVATEVSRTHWQSVQPRRVEDGLREVEAASFERAVRPGVIAAVFRTICNQLLGVRTNTHQ
id_31,PLDGMTLSGATAQHGSLDNISYALELLRCKLALDRMKATQEHGLKKIDELKHLQFKLSTAASTQKFFQKQDQVVEPIYVSQLDYHREYADQVLQS
id_32,SDVVAPLMRLQQEVDRIDDVFVAIVYERMEYIVEVARVKPDRHIPVFAREDQVCVLAAVTRRLQLLDTEGHEKLTMDLIRSIKTR
id_33,APPSALLDEARSSLDTIDDLIQYLLKRRTTVAPSVAQYQNDGQSTRDDATRQQQVLSVINRPVTPPGSREITDYELASLNGLFATQEHNHH
id_34,PSNCDLSEIRRQIDLIDDDSIGLLDERRKLVIEVVIYKKKSHMNILDAEREEEIIARVEEASRQKNLPDHMKAILERLMDERSEYQRERILDN
id_35,TRDGCMLSEIRRAIDSLDKALLYLLGERSALVQEVGKIKTSRHVPPYEPSREAQVIKRSIDLNHGHDLDAAFQALFREFIIAHLNTHRKAYAD
id_36,WLDLIRLQIGRLDGALIGSPTVASLGQRRIVQIDLAARKPPNRHEVIEEVQRDFVNLKRKKLGYESLLVGDSHTGLFEKIIASSRAVQQYPSN
id_37,ASAELEKLRTAINAIDDVLAALMQERSQLAAEIGNLKINKALAVRDAEREKVVVALVVALGPEPDTAGSLVELIEQILDEYSNLHGNAYSKH
id_38,MEASRKQIDEVDAVLLTFEYQRLKLSDQIGHVKAASGHPVVPREREEEVITRLEQENPKLELDNAVRYNYRDEIASTIVFVSDMNTAF
id_39,PNAETLAEQRSAVDQLDEQLAQLIARRAEAIIEVLRRKATSQAKIRDPRVERQVLEANLSPEQPGNVQAAFSEVLRFAIEATVPLVMDAYKAL
id_40,IQLHENRIQIDEIDRQLARLFNSRSEIVIQIGRVKISNGVAVLDNKREEEIISKLRNKEDNEKLTAQVISAIFRLMMTDSVLQS
id_41,ATRDELDEIRAEIDTIDLQLLHTFKQRQRLAEAVGKIKTEGGIPPLDEEREKAMLGWMSDHNENRSTDETIDELLLEIMKLNEEVKKKAQ
id_42,AAQADALRERVRAVDELMLGLISTSSKRLVEVGYWKSLHKPKQGVPDQERALIEQITQEAQELCLLESRSYPVFAECLMDVIRVEQQYQNAKR
id_43,ALCQCRMEIDDIDKALIELFNTRANCILDVGKLKKENNLKIDDTVQEKDKLENIINKKKNNLVKKKSIFEEFIIELKSSYSKKVINKIKK
id_44,SEELSHIRDRIDGINQKLTELFHFRMANVKQLGEVKTDTGLQLYKKEREKEYLNRKNQNNQNLGEFKKILLWIMELMIISRMEELNKRVKK
id_45,TGEGESLENLNAIDQSVDESLSELLSTVRKMGSYGLVVGKDVSRAKRETQLIEQNDTLLSREDLIPVRIKAYESIVMISSKSIFQSKCNEDP
id_46,RAELLANRTEIASTDIELLLLIERRVRLRLEVMEVKNLNDGAVIRAEAELEVIMRNAEAVEELKRVVTEIERLMANMSRSRMFEIKK
id_47,LNEVTAGLIKLRQQIDNLDQELIHLLGRRFIIAKAIGELKSDNGMGPADSLRWQEVVHKRVQQGLKNGLDRVFRPLFKELVKAETILFEVSFDKK
id_48,PPDDELVAIRDQIDQLLAEILALVNQRAAYSRAVAESKWAAGRPVRDSSRVQRVLAAARTAALSKGAAAAFLEHLFQAQVQALVLHQQALAGAP
id_49,TIDKLRRSLSRIDTPILDLLELRLTIGLRVAKLKLATHLPSYVPDRVRESIRRVIEEVETLGTKTDTKKELQVYYRKAIDEITVNVQNK
id_50,MLMFENHLTIAAGIAKVMTFLMERIYAISEVAKAKAREKSQPHLAASDKNIGSAAVDQAERLAHQAGIVPTFLETGLNDLMQEEYSVHTQW
id_51,ASLDTALADLRDLSDRLDRLIVELLNERFELSRYIMRLKNAHGLPDDVPGREALMLERVNELAEEHHNDPTFAEIFESFVRASVKSQQTKERS
id_52,YLDPERLTLSNLRDEISKQIADAVDLQLRQARAVWAIESLKGKEREDRKVQEFAIQNGKRVHGSSFRELEDVEDTQSFIETVQREMEH
id_53,SPPETLRAQVRRVDDIIDRMILPLLKGRFQCVKARGQVKARTGAEVVEPPIRAAILELLRREAQKAVVAAIRAAVFAEIRALQAEYIENARAE
id_54,QIQEIDSRRSAINRIDEDLDYMKEQRIACVAAVAVYKLTNANVVAQYAEEKVGAVVRQVMNRAYRLGHDINKIYALLQEHIMASKRHELTNFILS
id_55,SSSLGVYRDLIDSIDRDLTNLLNRRAARVARVGSAKRTHPGPRAIPSRESERIARLASSAEGPVTDETLYHQLMAPMRRAVIDRMRVLS
id_56,LNQAAVRLGDGRREIDALIDQLVEILNERAQHVLRTGRIKKEADHVPSADQREEAQVAREREEADIRGVMDDLGARSYCTVIEKIDSHRR
id_57,DNTKPLEELREQIDALDRQMLELLQRRQEFVLAIGEVKEDENRALLDTQREREILEKVLNNVTLYDVKRRIRASIAQIMKECKSKQY
id_58,EQTCNTLAHLRVSATAIDDQIIALVGERAALTKEIGRLKAKKNTPIPDPDREAVALNAVEAKAKKPLDSPDILTIYRQFMDASVALQQRQSALN
id_59,QHANIKENNMRLDQIILEIERMIEERDNVHAVIKENKSNGITPLFAPERELAVHKIEKQIYDEYGNSKALALFIEDIMSIYNRRKHEKL
id_60,CVQNATIGVLDAINAQIVNLLAELMSRILNLKERAAADSRDVAREDRVRILLANYHSSLANDAEKLNPTFLLRLVRESISRLSKYEKSAFAY
id_61,ELEELRPNVDEIDAKLVHLLAERFKVVREIQVIKDRKGMTEMNPNREDKEIARLEEDSKDPEYLSDIIERLRRLMMRLSRYEIEENVAASF
id_62,SAQELDNMKANVAAIDFELIEYLRERAKLMGKIGKLKNKKDGDILQVFQEKRTFGKLAAYIPEQESDFFSTLIRSKIIGSTSKLVTEINVDR
id_63,SNQKEELSQCRKKIDELDKQIAVLLSQRLKCCLELADFKKGIGHPIAQVQAYKEITARAKGSGDDADTPMVAALVRREIECVSRGAYAAELEAQ
id_64,DFTGALVKQLDRQRAQIDAIETLIVHRLGERASIMERIMQMKQRGALPQRETEREISALSRAELPGQTPDLIRDFIRRLMRFNKSVMNDVMQKV
id_65,AILEELRKFIDTIDDKLLKLLQELSKRMSLIGELAHRKKNINYVVRREDRIEDTLASLEGFKESLNQVLSTFREIFLRSNTIELSEITKN
id_66,RLSLEQTRIDADRLELVALLMSSLAVLRTLGEFQAESSAAILPERDEADIAKAIDRALSSATTEAGSPTEISYRFHERIREELLLEQARVERRKS
id_67,IESYAEIRSEIRKLDDFLDHLLEHLMNRMGIVAQVSRQKAKQKFDTHLEKSILNSVLSLIGDADQLEVRAAMLAEIFDEGSDFKFRDSIFKE
id_68,EITQLLVKRSEIDKEDLRLLSLIFKRAQLTQEVGKAKHKENVYTHDEMREAEMKIALSGSEQSLKLDKISAERFEQIRRLISEQTAASKGE
id_69,TKEDHWGLRKIIDDIDEINVFLFERRMQVSKAVAAHKGAQAKKVDDARREDVVTTKISDACSDRLAESSVEPFWRMILKASSLNELSVLPED
id_70,PNSELRLEENRIGMNPVRAKLILLRIRRLADAMTAAKPKLGNALVRAQYEREVVAGRRAREAAHSLASTYQEVIAAPIMQIRFKQEALESGAL
id_71,MEAEMLNLKEKMETIIDEIEKILDKIFKEFNKNGKIKKQVNTENVAIRQEKQEKDIMINSKKSHEVRELLQTIFKHSFTIFLQYSLNNVTE
id_72,IPECEELRSIVDISDRLLVLLLERRAQLCNQILAKKRSHGTPTRNTTLQEVISSVLTAQGAMSDRTARLRKEIMDIVPESKALQGRTMLK
id_73,LNELKVLSQERDKIDEEDLALVEKLMTRFRHIYEVKRLKSMEDIRREDVAQRMLDMESYIEEGERYKLDITFLFQILKRVNRELQRAHKKAQ
id_74,MSSTLFQLDPVRQQLDRLDLSLLKMLDKIAEAMKKTGQVRVSSKLNNDQPLQEEEHLARFIDASASNDISATRRDVLFEIMKKNVALQLERRKEL
id_75,KPAIAAIREEIDDLDKQIVKTLNERLSLVTEISTEGQSHGLSDNNPGRTEYLIAEQREINEQRGSDYDIVKIFFEEIMRPSIGEQMTSLK
id_76,DFSEERMRIDEINVRIVELLNERFSCALQYEAVKKSLNLWRELFDEEIQVAARFHELLQRSEASHAPVKPLMAISLISVQTQQACEDDQ
id_77,PELNDVREEIDRIDKSINELLEKLMEHIDKIIAYKSKNALKKMDTSQKEKQYERNMDNIHRKSSAIHSIEQYFIMITSSSKKQEIFLQK
id_78,QKSQAELDQIRSQIDRLDNEIVKTFNKRMDQSLQIGQTKSAPGGAVFQKEREDNLLGRLRAVGTHKGIDEALVTFLFQGMHST
id_79,EYQRHLETIDSHLDTLDLQLLEAVARRMQLAKIIGEIKAKPGTPMEVTHREAVQLDEKRALGLLWDGSSDVYTKFIASLVENSKRI
id_80,VAADKTPLFAALTALQDPLDTLIAALGEYYKSLVAKAIEQKKENHAPARRREEIARSLSSAKEVLGSLAHTTAYQSIYWAMNVANRTLMNDRAFSL
id_81,PKNAPELRLSTERDSIDRQDLNLAALRMQIAKEIYRMKAGRGIYGLQRSMEVIKLAASSREAIRGEVEAELSEALSRYEKRAY
id_82,STGDQQEKLMDDQDGIMTLIKSRKEISAYVAQNCINQNNKTDSTKRLDKVVQRNNAVDTKHLFSPAIQLEFEEIASETSNYTEFNKVFN
id_83,TKIDEDEIRFRIDALKEQILGLMKQITNLDKEIGKDKENHGKPKFRLELEKEILSKLIKSNEKDFEKEILETIYKQMINTSIDLIKY
id_84,TDNIENERIRRKLVDLDDLFLHSLEQRRAITIASIESGKPVEGPDRFDAVFREVLRRAMGLGKPEDITRVIHSEMERICIEESRKHQAALFEKQ
id_85,LPLDTSQGEAQRTEAHDTLMLELIALRRLADALTQAALHWSAGPLVAGAARAAVVDQKTEAAARGLNNAMDAAMMSIMRSVAWVEKTQQQIALS
id_86,TDPLRAQLDYIRGEILPLYNKRLDIVDGIGRVKEEMGSSVGDPYRERQQLDRVRALADGPGPEEAHQSVYRELEVSANSLDLSDQVQCTVS
id_87,VLYLDDLTKCADALNQTLDEVITLIQERCKLGKPLHVAKMKTPEVIDRVKAAQECLLGAAESAEAFKDRALRVGSIAFSASEARLLQYKFF
id_88,QIANARPQLGRIDNEIDNRLSQLLNERLELVKVVGEHKSSHNDPVKDKDREKQLITRVIGEAEGGGFVGAFKTLMFKDVIASSRVLQDRLVAQL
id_89,SKAARHITEFRQQIDEIDRQIVALIKERFQVVKQVGGIKSSAGLNHYVPSREQQVLERVRMEADHPGVDDALVERINEVMHAHSEKTITDNVAA
id_90,CSSPLSDIIDQIRGIDDEILGTVKERISAVVEVAQAKKRSDVERLVVSREDAVFLQARVANEAESLLKEMKRLFLEAMKAALGYQDKIFKGY
id_91,TLKELREKTRMNDVDDKKLFALRMQRINFVMQLGVVKQLNGKDIARSDIEIEQVRKAKKQAGKREFNSILEYVLNEISIFHSYQQESKFS
id_92,MTRAYEPIRAITGAVDELLHELISARRNLADEVSQLKREEITPGLADIQQERIDQAHTKHGPSNGLEELVLQLEFALLDLESVRHEVAFEEKA
id_93,VIESDLSVVRQNIDDLDDQLYELLSERMKIVNRIGKIKRAIGKDLFQNKREKEILENLYNWNKKMGPPEVLHKMYYRIIEGSVIREGRAIK
id_94,QSVADRLAGIRKLIDRLDDALLRMLSARAGCVRDVGAVRARETLPPTVPAREAARLARLRRLASEAGLDPDLGEKFIAFEVDEQKQAHSNRRA
id_95,DLNSDELLYQSITTQGQAMKDLIANKIAYMQAVFKDSVNKYINQHSMSILDKSILNLLKVGPKFQSAIVTSPKDIIPVLQKVFARCSKEDDKFLLK
id_96,APPFALKNPINALNSQIDEIQRILLSMISAIGKIAKNLGNYVSDKDRDFDADIVEKHQNDSLKSFERINSSSGTIRKLMNVKLKLQKVEHTL
id_97,WPEDEIDISGSHMENLIGEHVTSIEKLTTFKAVQSLNHKKSESESIEHDIANNKKMNVNDFLEKKSQYISIFKDHIKKLLHDYEIQRQQNLQKRN
id_98,KFFESESNRLDTVRGGIDTLDHIRIHLALELMRYVSNANLGKNVHPIEPARQLAEVEQKAALASREGENLAIDRFRMSRLLQVSKNVRQKYERTS
id_99,TQARADLIRFREAIDRLDNLLLELLHERQKVAQAIGSKKDEIQEALRQQQVEKQITNNLIAKGAGPMSNELVECVFKDVIKACRLFHQTIEAG
