id,sequence,z_0,z_1,z_2,z_3
id_0,PCRDLELQRDRIDICDVNLLNLIHQRERLVLDAQASKARRSLGVRRSDRDFAPMQRAAIANVTGGMSAALLATLARHCIRAQFFTSTADFLPP,-0.27254536747932434,-0.2821298837661743,0.592434823513031,0.6688539385795593
id_1,LHQLRAKIDEIDVNILRMFASRMDIAMRVAEYKAKTQTEIYDPMTVNDVLEQAMDYGSGPQYEQALAHIFAETMSSAKKIVQQNISH,2.122058391571045,1.1406126022338867,-1.1854535341262817,-1.313711166381836
id_2,RIEKLEDLREQIDAIDRAIVELLAKRMKLTLKVAEVKREENIHIDAPVREAAMFADLTSKAEAKLYSPAISGIWEKMFIGEVKDEERLRVGV,0.6945732831954956,0.9668784141540527,-1.1190122365951538,0.6774222254753113
id_3,KTLEAIRLYIDRIDQEIVDLLSKRLEIAKAIGELKVAKHMKIEDPQRELQLYERLKNKVSNLLKDPAEKEIVFEIISLNSNVLLNVKGLER,0.7269836068153381,1.6463741064071655,1.0381885766983032,0.26597142219543457
id_4,ETPALDLKVLRAQLDALDASLLELLARRKRYVLNATRIKQGHAAFARPQSMWAKVRQRAARGGPTPDIKAEIPIFVLDLIAQERNRQQQRAKA,1.2127559185028076,-0.16383041441440582,-1.2927510738372803,-1.2621484994888306
id_5,WSEKPLAVAELESVDALNDTVIAAVMARSTALAVLGGVAQSAWRRPDVVRIMYNVLDQQLRISGEREKLGGPMSEALFRTLAKLVLYLQMFSGRGP,1.0575400590896606,-0.34967541694641113,-0.3058107793331146,0.37144383788108826
id_6,VDELKKLRQKIDRIDVQLLDTIFKRLNKVGEVAALKISHPKPVPRPARELEMLEERKARMDKELNDVEYVFTRISQLCKKSYNANLF,0.33178871870040894,0.3469354510307312,2.6491219997406006,1.9686698913574219
id_7,SDRTAIHQVRPALDAVDERMVALFAHRLTVMMQVGEYKRERSLEIFHPERIESPTMERATAAQQTQLPALVETTVRRMVDVEVRRRFRQVDAGR,-1.218410611152649,-0.5965541005134583,0.7587664723396301,0.11254790425300598
id_8,PLCLSDLKDLRKEIDALDLQIMTTLQQRIHCTERIGHLKELRGGPNPQVEAERERMSIYHWLANDVLKQADTLTFRLQFILSKSLSTHQHEPQKR,0.9341519474983215,-0.31845664978027344,0.4596939980983734,-0.3550500273704529
id_9,AANKLKGITAKDDDVLDSLLAKYMERLRICQKVKTYAREGYKHIDHPPREAQRLSLALERNHAIAHSAQLGLAFLKDIITALAQEQVRYGQY,-1.2187389135360718,0.004600923042744398,-0.28566038608551025,-1.0566719770431519
id_10,LAELLPQRAQIDEIDQKTIELLDARLQLAAERLRVASKRANPARRAERERDVLRKREAALKAEGMDPIFSSMIQELLSHQSILQRPVIQRW,-0.1711394190788269,1.8050910234451294,0.05478725954890251,0.014331799000501633
id_11,DLGVLREQIDSIDSEIVTMIEARMSVADTIASIKEVQGLPALDGEREAQILENVSVQNVEKKHSQSLILHFMDILNEVRDESQRL,-0.8336074948310852,0.015291712246835232,0.7902477383613586,1.302357792854309
id_12,AATKTMPDLRGRIQQIDHQLIHLLSQRLKLALSVAEVKTEQYIFITSPSREKSLLLKVIEANGAQGISPYMITSFFEIMMESHVLEAVEKKAYI,1.476569652557373,-0.4790027439594269,0.1543107032775879,1.239867925643921
id_13,PDCGMLDQIRQKIDSIDPQILALLARRAKLAENAGKLGMQSGGPLRAKEREKELLGALANINELPLLDSEILKSFLNIMSALNQHEKERIK,0.8657288551330566,0.004946074448525906,0.5213738083839417,-0.16702033579349518
id_14,TQKNVLRENEVHIDALDIFALSVMVRGTQQVAVSCATVDGKAVDPTPMEKVIQILLNDVIEHSVQRGLSALLYHTMFISKKYLNSETRPAS,0.5630510449409485,1.038717269897461,-2.947209358215332,-0.45494523644447327
id_15,AEFAPELEAERNKITQLLDELIIRLAERRKIYAEIMTNEKAGRDVSTQEGRQDELNGYLIYAANRGVDLAKMAIEIINQSLMNMEEEREQLREQ,-0.07037267833948135,-0.6786932945251465,0.22714585065841675,0.6531342267990112
id_16,LMTLEYTDQLRRQIDDIMRHLLELTHSRISVVVAVTAYKAEIHQPVYDPSVEKDVLEKVFDYSKNLHYKSALLRLIFRINMESNLHLENDM,-0.4407406747341156,0.6340281963348389,-0.09507740288972855,0.8173683881759644
id_17,HANEMIKQLDSLFDEIDERLLDIMSQRGELAEQIGKHKRIKFQNAYHQEKLKARLTELDNAFRGESLNESVWHEMLMNKILERVLSEEK,0.05265062302350998,1.0318593978881836,2.5371546745300293,0.3221634328365326
id_18,AQPMDAPGRARGTAADDLDRVNLAVFRRVQLADLAPAQQGLAHDDQDRRQEELEVLAKSGAHLGEDGPTVMRAFRSLMQENSARERVQGCCG,-1.8871692419052124,-0.6729002594947815,-0.8525704741477966,1.3183094263076782
id_19,KELHIYTIEKVGEYKIKANILELENSTALKILIGEKKKGMEEDIGVLEFKEKLLLKVRESAADEYFKINYYKKLLFCGMQKILMKEIRERTMR,-0.22045274078845978,1.0293784141540527,0.0546325221657753,0.2645488679409027
id_20,CSLSEERRQIIGKLDKILNKLLARRQHLTKIVMEIKKAWGTLGRAIQQEKALEEVYGEMKGNLEDSDLKQIIELLIRNMLDESLVQQKMD,0.09517692774534225,-0.615730881690979,-0.8324064612388611,1.2920417785644531
id_21,PAFQAELNEYREELDKINDKIIELLKERMVHCWEIGTIKKKKGNYRVRDNRFLDIIHAHMLNNHTKSETYELFKILSKAIKKCLVNTHIKKSK,0.4573710858821869,-2.139686346054077,0.41780975461006165,1.1315240859985352
id_22,ESKELVTASNRIDSEVDQLLEARLALAETRAALKASIGKPERDAGVIDDIQERLQQIANGKTLRDDNSIDIHTVRLVYRSDLDSTVARRV,0.016266293823719025,0.3989434540271759,-0.2861694097518921,-0.40842461585998535
id_23,EWLKIRKEIRSIDAAISTLLNELFERLCEVIQPVQAKHMTKIELIAQIDREQVLDAFMKDNPIQNEYSIKEVFLIRDIIDERKEIIDNKK,1.1668217182159424,-1.0594903230667114,-0.8135079741477966,-0.45846015214920044
id_24,SHGVEDLREEIDHIDDQILDLLNKRMRLSQKIGSYKFKHNSTTFVPDREKEILENMKWTSPGKFKDETIRIYYVEIMSNSNTLEKEMTVNV,0.5924084186553955,-0.30622923374176025,-0.6475232839584351,-0.47646716237068176
id_25,SDAESLRSVLADMDQMDLVLEKERIQTCLAVAEAKELYGNYKGRREEIRTREREADMISPLSYENAGLGVSFSIALSRDYEQENKRVT,-1.0270105600357056,-0.12667009234428406,-1.7612504959106445,-0.7366524338722229
id_26,SFASCAELRANAKAIDKLDLQLFALRAHAALAIGRQAIARDRPVSDRPQENFELEKAVAQSEAALYEAATEVVIASIIIVGQRRIEAKLRAG,0.8777951002120972,1.4423325061798096,-1.3683476448059082,-1.5772738456726074
id_27,SECLKELTFLRGKIDECDTKILHLLEKRAHIAVQNTQHHLHKALEKRPEEEEQIILQEKRMAPHLGVLVDELEKMMRILIKGCEEFQHTDV,0.6181800961494446,0.1285388320684433,-0.3350372910499573,0.5322254300117493
id_28,DVAMASLTSHRAAIDRVDAALVAMAGARFAATQAVGISQARVVAVARAAARELAQADRLTDSNGEPGEDFAAARVLLGVMRRELEVD,-1.3961883783340454,-0.1469588428735733,2.5629377365112305,-0.4236425757408142
id_29,NVSNRLVAGRREAINDLSDNLIYLLAERRKVTSVMGELKKEPNLPPDTPSREVEQIRKMLSGQIDADLDKQIMEFIFNLIFAESIYNHTQVAQ,0.49354615807533264,0.1244175136089325,1.080562710762024,-1.2745048999786377
id_30,HVDDLECLVARADIQNLDEQVVAALLARSRATETEMTVQETSNTRNPDYFDEMRIQMAAQALLETSDMTPAAQLTTIASRLGRTITPSERARFRLL,0.6085755228996277,-0.30771103501319885,0.42786741256713867,-0.3088242709636688
id_31,QLDGMVKQIARAREELGELDSVIIAALNERMKLAVRIGRWGHDGGLPELVHERQLIQLRRARTRGAEMDTDSTVAPFYLRALEVERIKALRRLP,-0.6788065433502197,0.044712502509355545,0.5536482930183411,-0.9620257616043091
id_32,TDVVAQLQQLRQEVDRIDLTIVALVTKRADYDVEVAQYKLDRILPVLDRPQESKVLDATVKRSRALGYDEEAILRMFQDQMGETKIIQNELRQDW,-1.137089490890503,0.7642332911491394,-0.6153391003608704,-0.38517385721206665
id_33,APPSDLNDIDNTRRQLDLLLERSLAARLRVTALTSALNRKHFESGSDAAVLNTLQRRVAETSRVPRLRSPLPAVFFALLRPEAATEIQRHRSSLGR,0.2688848078250885,1.2948647737503052,-0.629423201084137,-1.5414725542068481
id_34,NSNDDLSKIRQQIDKIDDEVIELLAERMGLVDQVPEYKKIRNMFILDAGREEIIIDRVKECVQSGGLRGEIPEIIERLVDHFEQQPQLIANQ,1.1175737380981445,-0.5179359316825867,0.44236382842063904,0.651494562625885
id_35,VPDLAKLREELNAIDSQKLAMLVKRNEVTALVIEQKLAKQVRPVGRVREVEKILQLSTTLEGKGLDEAIALLLALARKGSRPSLVVKNVMV,-0.43891990184783936,1.095491647720337,0.5953871607780457,1.4200448989868164
id_36,YKDLELLRELIGLIDKELVRLLARRLRTVDTVGEIKARKGLPVLDVEREKLVAEVLQDNLKKPTLPGVYEALIRDMIAQESAWHSAQRISY,-0.611003577709198,1.7038801908493042,-1.4532469511032104,-0.2656402587890625
id_37,ASAELEKLRVARSAIDDYDAAIVTEVQRLAEIARVIGLKKADAGPPAFPERVERELRVERKMAGMSGHMPQILEKLLREIYSWSIDHARRLFRQ,0.6186478137969971,-0.6162426471710205,0.8342797756195068,-1.2877835035324097
id_38,LEASSKSIDEVDDYINTIDYKILNLFEKRKEYIADTGKTNMNPELVIERLSREKRIKEQMAKEPDPMELIEAFKAQVLTASSINQYFHKPER,-1.0257774591445923,-0.6968941688537598,1.1719870567321777,-0.8396357297897339
id_39,NPAEVNAKRESDTILDDLNRALVAARMELAECIGRKKIASSRAHGVLQVERFMSKLANSQLDNLERSNEADLIYSSLAELKTVLEQREFSGG,-0.6870856881141663,-1.0027257204055786,-0.8649846911430359,0.48458173871040344
id_40,INMKDQRIQECDANMQIALLKRQAVEAVLQAPLKEINKAYFLDQIDSEIIEATKHQSLGENASETFPTISAEALDRQYDLYRIST,0.10150451958179474,2.143156051635742,0.4499334990978241,-0.001125685521401465
id_41,ATQEFNAEIREGLDVLDKQIIEMFQQRMSTAIAVGKIKRDEGLPIDALGRDHALTQVVTALSLQQRQRGVIAEFVSELKIKHEIYHHEAMTA,1.2385209798812866,-1.8693108558654785,-0.2964087426662445,-0.7682297229766846
id_42,AAQAEALRESVRAVDGLNLRLGSVRSRVCSAVFVTRRGFGSHRAVRDQARDLKLLDSMRAKELDLGMVERYVTRCFAPLFSDSYQ,1.50649893283844,0.30813246965408325,-0.4098761975765228,-0.06867777556180954
id_43,ALDQDRPEICAIDEELAKLFESRAQALGEVLKVKQVQGLAIADRSQEDAVKDREKQMIKHKNYDGLSIDLFERIAPIVLQSGKSKLKFYTF,-1.381999135017395,1.566594123840332,-0.7222200632095337,-0.7438977956771851
id_44,SDENTIDNIRKLIDTLDLRLIDLINKRMRLVEEIVEVKVKLSHPRIIPEREWRLLESNLGQQNKALEKDPLYETFLRIIQLSAQLIQRQSKKI,-2.1970605850219727,0.1259990632534027,-0.17864468693733215,-0.8661893010139465
id_45,SEDICRLDINHAGINNVDDTVVHHLTSVRRMNSVDIVRKEAQRSHPGERLGFLNHIWARVRAASAQTQEEAVFPAVWLPSPVFAA,1.4622728824615479,-0.4643915891647339,0.2775895297527313,-0.17935560643672943
id_46,RAEMNAPLSEIASQIDELINELIKLVSERFKVVDVAGQRKAASETDLAEPAREKSVEEDVADNAKYSTLIHGMSENLRRSLLDEIKKLGEDCQEL,-2.088507652282715,-0.911792516708374,0.8670424818992615,0.8469677567481995
id_47,LMEVVAGPIPEMRPEIDRLDARILARLSAIADAAAGHGHSRAGIRAEAFVLTVENSVLAQYQRLGGLGRIYTKRMRELLKTQA,0.5292262434959412,1.3444876670837402,0.04968307539820671,0.2451542615890503
id_48,PQDEEKVKELEKSIDQLDGALLERLQERAVVVALAGKIRDDERRPRQVQEVRRSVAAARVAEHSLSADAFFFIEIHLASVTEGRGRRLD,-0.17908914387226105,0.0665275827050209,-0.6628298163414001,0.4244704842567444
id_49,RGELLELVRSRGSVIDKEIDLLVERRNLVIDVCRSATMMHRSVFASTRGEDVKNIVAKEYRESLVASGLEGLVYSRMADERNTVLN,-0.8391963839530945,-1.127536654472351,-0.49928194284439087,-0.967745840549469
id_50,LLMEKLEISEAAKKEITLVFELLEIYFEQFVKKEIAQINPLQNKADIEMKEQQCINDSDKNNFDKFNISRYILSYISIAKLNQHYQVEWK,-1.2217880487442017,1.2377076148986816,-1.4904133081436157,1.3015704154968262
id_51,CSIDTAKEFIRELTKRMDNIIVELLQERFELSRVAGVKKMDGGLPAAPPNREEQILERTKGLADIDLLDHVFAEIIHRFISAITAWHHTEEMPQ,-0.4827388525009155,-2.214963674545288,0.23842661082744598,-0.06183484196662903
id_52,VKDRESITELRLQIDAMDRRLIAVINQRMSISARVAEVKIGPNKTIEQLSVEDDVLEKLTSEDQTGRINLDMDKVISDIER,-1.5022300481796265,0.7107653617858887,0.05447020381689072,1.573230266571045
id_53,SQNLSKLDQYRRRIDEIDNRLVILLAERARHTLAVGRLKASRHGPPRDPQRVAEQLKLLRRLARDAVLAPDVAEVFLEFIIAMEISPERAHAGVY,0.7984615564346313,0.5026604533195496,1.1141149997711182,-2.544260263442993
id_54,QGQEIASPQSAIQRLSGELAVLLELRAAAVAALARTKAVKDMVVADVADSLVIAVQYRRLRQAYTQLGKEPLLYEMPPEAAGALRTLLKRSIGAL,0.15681828558444977,-1.2041105031967163,-0.48217761516571045,0.4621950685977936
id_55,SSTMEVYREIIQSENPELLTLLNRRAASVARIATAKQSGQFNRFFPTEEVIIIAQIARSKPGQTRAETIVHTYQISILRNYLPQSERR,0.6873909831047058,0.897307813167572,0.3066611588001251,-0.3407757580280304
id_56,KMPAAVSEIDKLSDKIDKMILERLDKRMEIDEVIRKVKKLKHLIGVEVAINEKIGEVALDQIGLHETKSIERLGENLLKSTEKIAL,0.8710401654243469,-0.11468592286109924,1.159810185432434,-1.1458476781845093
id_57,DMTIQEIKKSLEEIDNIDNRIMKILQERFDYSAEPGVAIAKYQAGPDVLAREFARIERLRMNVSTATLSLESAPFDRCFMFFFV,0.3482058346271515,-0.5940924286842346,1.9778751134872437,-0.1000814437866211
id_58,ESTDNWLAKLRSRINDIDQQLLALWNERAALSKQVGELKAENHVPVLDPDREDQALEAVKAKANQSQISPDFITAIFEFLIDESILVQNSLFGQG,-2.7736809253692627,-0.3969525694847107,0.3943244516849518,-2.057925224304199
id_59,QICLELLRLRRKEIDIDDAALVLLNQRRSLAVQVANLKNANNQPVADPEREASLLAKLRHWAESFGVDAAFIFDEFIRLIVDRQQMELANVHK,1.8713866472244263,0.9555861353874207,1.1052662134170532,0.3932029902935028
id_60,ATQNAVLDYLRAEIDRLSEIIIHLLSRRQRISENIGAFKQDSDVIDVVPRQLAEVMMRRALAAENRGPTESLVPTWIRFMLALKVRELEKVHRG,1.219163179397583,-1.2764798402786255,-0.4422590732574463,0.7089468240737915
id_61,EMEDLKNLSDKIDAIDTKILDKLGERVRLANTIGAVKKSTGLSIRQEAREAAVIDLALEAGAMPNLIEGLIRRLLGRLIETCINEQRACDR,-1.345005750656128,-0.2590884864330292,-0.8903397917747498,1.0818793773651123
id_62,SAQELDLSCGRVAAIDEDIEKYILDRERMSLKIQDGIYKKDEEIFQTEDEQRLEELLHEYIREPEPECILPSIRSEIFISSSELSREQKVCD,0.21855829656124115,-0.900794267654419,-0.8951473832130432,0.19536764919757843
id_63,SNQKEILTLARKNIDLLDERIAYLLQRRHLAIQKPAADKDQHGPVRDQWRARMMKSERALDNECAAFQPHYEIDMIRAFIEYSLLDQGA,0.9923812747001648,-0.02582535706460476,1.1117630004882812,-0.17749622464179993
id_64,EEVKALVHQIAQSTDQEDAKLTELVKRRMGLARFIEKGKMHHNVAILRTNRYKEILQAMVFDCKNLNTKEMFVIELLMLLHKQNSRHQLKVN,0.049827635288238525,-0.7355251312255859,-0.6206696629524231,1.212572693824768
id_65,AELHELRKEIDTIDDKLLKLLNERMKVSSKIGELKKQKKTELYDVSREEKKLARLCTLGKEPFSNSSIIQTFQCKIKQSRVLESVEKVQNI,0.5616129636764526,-0.8854807019233704,-1.1094589233398438,0.48972269892692566
id_66,QMRLENQGKDAAQLDPLADLILYNLTERTKHLDQIARLAAEKNKIDDDAMEDAKLTEKYTANVFDGYNVDKKTPFLIEAVLDNKTDYAQTLHS,0.13617300987243652,-0.7246093153953552,0.8798872828483582,-0.8139976263046265
id_67,IDTYADLNRFRWGIDAIDDEIMAKLLRRMELSIKNSRLKARRKAFRLQNERELYVLNRLAIAACRGGQPAAIIAIFDCLISELIAQEIRELFRN,-0.15249285101890564,-0.9976028203964233,0.08347161114215851,0.9985284209251404
id_68,EITQKGWLQSINDKIDKLIEQLLERMELVIKIVEKKKEIGLVYQDAERPEDIKEKIRQKNENSKKIDSLLAELFDIFSQMISANSADEIPKTVGL,-0.8375030159950256,-0.2787140905857086,0.13257335126399994,-0.5566494464874268
id_69,VHEEIYELRKIIDDIDEKMLELIERRLKVVKDVGEIKKENALPVFNAKREDSVVTEKTAKISAPFCQSTVERFWQQIMHCVRLQEEPRRSDF,0.27908289432525635,1.0354924201965332,-0.13092687726020813,-0.0888235867023468
id_70,LNRHQQLGELRGQIDQVDAQLLALLNKRLDLAKRIAAVKPENAIPVEEVERETQILSQARGADKSLAYSSMLVCAFFELSMEAREIEELRLGR,-1.1998165845870972,1.147714614868164,-0.7253091931343079,-0.17778994143009186
id_71,LFAEMNNLKDIGDVDKAIDFLIKERFALIDKMSEVKHTMSLTGMNAGRQERMAKEKNHSRFEQEKYHALIHVIFKKLCRLISGSSRVLHRE,-0.6125409603118896,-0.9864274263381958,0.289506733417511,-0.7117229700088501
id_72,IPEDEILRTIRDIIDNLDSQILDLLARRAQVAQAIGRNKGTHQQRRYNQEVARVVESARRAASENQLPPLIIEKIVSQMSAWSIDRQMDWH,1.1766107082366943,0.03265228495001793,0.4649680554866791,1.3267830610275269
id_73,KEILEYLSQIRGKIDEIDRALVDLINVRKRLCYEVAEVKVRNKLPRFIVAFENEIIDRYKDHLESYKNDLTIKDVLLNSVIREKLQDFIQDSRP,-1.7714418172836304,0.2333216369152069,2.331259250640869,0.06340067088603973
id_74,MSSTLDPLNKSREEILREDSSILLNIRKLANAQFQQSLQKTVNKINLLNREREFCENAQELLLNARKGPYETMVKTKIFGNI,1.2429031133651733,-2.3160672187805176,-0.4548843204975128,2.9321987628936768
id_75,KPCLAAIREGIDAVDKPLVELISERMSLVSEVGTFKQSIGLPITDPEREKVMLAIVRDHAENPGQDTDLVELLLDILRRHRHLEQNTLLK,-0.8478030562400818,-0.4413916766643524,0.020606806501746178,0.7143195271492004
id_76,AASEERRSEDGQIRQELLRLLDQIVAARQYIARFDRRKHVRAPDEADDTVFAREAELLGQRAAQGFRVALDVAQIIFRYKSPLLDDALRYRE,-0.23884008824825287,2.005948543548584,0.8248646259307861,0.551571249961853
id_77,PELNDVREEIDRLDKSLSDLFAQRMELAEQIGAYKVGNAMPITDRQRENEQLARVRALAERLRQAGDRRELFAIIEVKSSPLEEIMARAR,1.20586359500885,-1.0324490070343018,-1.0886622667312622,-0.9519538879394531
id_78,SESRAELDQIRSKIDQLDRELLELFNQRMDLAKQIGQVKVARHEAVEQLEREKQVRDVKLASETLLGDKEFLRTFIFRIMFSSRERELRKLY,-1.435226321220398,1.7069092988967896,0.45744723081588745,0.7372897863388062
id_79,DYRPILDTIDRIDDVLFKRLEEIVHRVKEVIDINKLKAINNLQMRNLLKLHAQHLGEIQAKIMNYIKQNIRYTLLNASKTLSNMKDLK,-2.587268352508545,0.023189887404441833,-0.7101324796676636,0.7329607009887695
id_80,TCADITRLGDARVAINDLDKVLFEALAETVGVTYAIAKKKPELGIDPEQPRREFDVLKRRAEAVQERDAETVIVQQIRTIMRSAIEHMKSEMDEPL,-0.41111570596694946,-1.1194087266921997,-0.017030877992510796,-0.7127852439880371
id_81,NLNAPLHQLRQEIDRIDRKLLELAAKRGQLAEEIRRTKADRDIYARDPVRETEMLAALRSKAPNLGRDPALLADLVRYEMRE,1.0446343421936035,1.3370558023452759,-0.011074842885136604,0.19174176454544067
id_82,TSECRREIEEIDREIKRMFDKVMDLASKVSEYKIEQGMGISDRNRERDVRKRVREEVESGDLKRQAENLIFDLMARLSKLVQEQLESDI,0.7784345149993896,-0.3067229688167572,1.084513545036316,0.40298816561698914
id_83,VHKEEDDIIDSIDAQLDQLIERRGQARQRVLAVKKAIAQAHREGERFEIVHAGVSKIEGQLGSAELEHGLFSIVRRTSVNREDRK,-0.9344621300697327,0.4424612820148468,-0.545268714427948,-0.43639349937438965
id_84,TEPEKNAIDQVRRTIDEIDAKLMALVGQRARLIQGAIEAKTAHRAEIADWAREFELLELKLKAMDLERMVMFMERDIIANLLLNKERDE,-0.06856746226549149,-0.39334774017333984,-1.2030612230300903,-0.8345513939857483
id_85,KNLDTNREKILKVDAEIVKLIAERFKYMNEIAKYKKDNDMSIPDPTQEAAVFEVWKNKAKNDELPESSALKEKLLTDLMSRCYSGINDNKI,1.4844372272491455,-0.19284038245677948,0.15498697757720947,0.1487906575202942
id_86,SESNRDRLGYLREHIDNLTSILFELVERRGVCLMKIGRNKEDHVKEQYQIERWKELAENLGLGDEEKRVFSEIITMFMSIIKELKRLEQEE,-0.7789299488067627,-1.1904635429382324,-0.8161874413490295,-0.5032294988632202
id_87,WLYKDDLVKDCGAIDKVLDEVLVKINERFKLMKNVGVAKKPYNEVIGQVGKCNEILKKDEDLAKEIDENFKLIKKLFNLISEDSINNQF,-1.1198692321777344,-0.2526755630970001,0.8140511512756348,-0.526658296585083
id_88,QHANAPLRPLRDKIDRLDTRLVELLARRAKHVRETGALRMDHDLVPRDPRREMDIYRRLRDEAEHFDYDAAISEYLLAVIAAESVRHAQEVGR,0.42087453603744507,-1.2798277139663696,0.29690077900886536,-0.7177378535270691
id_89,SGAARIDTIDTRNKGIDLMNERLVALFKESTLKTMRKAEPTAGLQETRIMQGRLVELLRLGEDAGLLPLELFRLPRSMVRECIRNQVFRG,-1.6015222072601318,-0.5380142331123352,-1.2497196197509766,2.1433396339416504
id_90,CSSQLREIIDQIREKIDELLESRLEIEREVREVKMEKGVPIYDPERETRVEAVILNCRRDYGAITHLEELIKQILKNMMAAEKVLELKHK,0.27315545082092285,-1.3355423212051392,-0.6210444569587708,0.6468046307563782
id_91,TKLENLREVRKQIDAEDLQLFPLRAKRMESVMEFVQDKPMHDELARRDLAHDLQREAQSSFDETNFKPDFFRSIFLHMIDDNVQNQAR,-0.5929014682769775,0.5966280698776245,1.2147899866104126,-0.4293292462825775
id_92,NSRAYIPDLAGTRDSIDRLDAELLAERNKIAATVRETKLERSIGKADRLQEKDESDATREEKTLGGIDKSILEDIKLELLRMVKEIKETAL,-1.1300948858261108,0.9074607491493225,2.1243736743927,0.9388117790222168
id_93,VEETALSVTRRFIDDVDDRMVIALSERRFAVSQAVAIKNAHGGAPEDDPPREALQIQRVRTVAKGDQLDSEFLPTLVNGLVTSFKAQSKAVAGH,-1.2573496103286743,-0.8634604811668396,1.402760624885559,-1.611894965171814
id_94,QSVDDTRDLIENRDRLILEDLGRLNSAAEQISRAKQAKSIRIVDQERVRIVECATVKEHLNIPLGDEKLKEIFDLIHDLARIILGKELNKS,0.5577278137207031,0.11282142996788025,-0.5194135308265686,0.14828544855117798
id_95,DLNREILEYRRGVLNILARKISAILARASLVAKAIAYVKGYHGQIVNRERIEDLLPNRLVDQKISRADTVNVSAIFQTLIETLEQEQKKEEGGT,0.8310326337814331,-0.029172563925385475,-0.5527608394622803,-0.791559100151062
id_96,APQKDLLNLRRAIDSLDNELVSLLARRFREMIDVAEVKKLYRMEFDDPDRADEVLDKVIQRKKTFDQDPVYVLPMQRIMINANALIQYDKYRHT,1.7338978052139282,1.247687816619873,-0.7898952960968018,-0.6067548990249634
id_97,TQFDDIDHSLRDLINLLDDIVSQAIERVTEVCSVPIGAQKTARDVDDEARDLVKLELVRAELGKLGRRIRLLEGEIGPLGECQETR,1.2728279829025269,-0.27923181653022766,-1.2388360500335693,1.2732470035552979
id_98,KEGEQISQRRETLNEIDETIAELVARRAHIAKVVPTSASHNGRVKRDLRDLRLFISLLGAALNLQGDGNLAPIMLRSMMFDLV,0.9892032146453857,0.0954267680644989,0.508343517780304,1.2885557413101196
id_99,TRCSAELLRERIAEIDPNLTKLLERRGSVLQDVANIKAAGGIPSFDPVRERKLIDTLLGELNGAGLRPTLQSIFRALLWGHRALQAELTEEA,0.13376888632774353,-1.0630145072937012,-1.3562480211257935,0.16921640932559967
