id,sequence,z_0,z_1,z_2,z_3,min_leven,perc_min_leven
id_0,IINGNEATPGSWPWQVSLQRLRHTCGGSLISEDWAVTAAHCISVSYTMRAGAYTRTEDHDTYTLDRVIDHSLYNARIFHQDIALLRVAGNVTIGVQPILPVNAQCWITGWGPITNRLQQGVLPVVSHATCQRFDYGKVSSEMICAGYIGRVSSCPGDSGGPFVCKWEVHGITSWGSGCAVAKPGVYARVSHYIAWILNKIAS,0.2893950343132019,-2.216808795928955,-1.0001504421234129,-0.19747942686080933,102.0,0.504950495049505
id_1,VVGGHESNRTRWPWQVSLLHWRHDCGGSLVTAEWVLTAAHCIDYEYEIFLGEGNRSSTAVTIGSWKVNVHPKYLVKTSLIDIALIVLEGPLVYNVRPVLPRPGCYVTGWGPVLDILQQAAVPLIDDQVCERADHPDIRQDMLCAGSDKMKDFCQGDSGGPLVCKPEVFGITSWGKGCPSPKPGVYTKVSFYLGWIQEISGR,0.05680738389492035,-1.6747090816497805,0.0754062682390213,-0.021890399977564808,101.0,0.4926829268292683
id_2,IVGGFPVPIQLHPYQASLQLDHHFCGGTLIANNWVLTAAHCLTGPILVRVGSITISGEVQDVEVLAVIPHPDYNSSLPWLDVALLRIEKNVNILQEIVLPMANFGMNCSLTGWGPLYEQLLQVSLPVVDEAICGSTYYSTINKSIVCAGEHFNRSGSFGDSGGPLVCLKVQHGITSHVIPCASPDPTVFTKIVKYVQWIDKTNVQ,-1.1288414001464844,0.7329810857772827,-0.3439805805683136,-0.5629122853279114,113.0,0.551219512195122
id_3,VIEGGELRPFSAAANKFTRHFMGGALIIANKVATASSFKLKPLQVMVDFVQDGKEEVVAFSGVKLRAFTVPSLKNIDRYKFRKIETVDVDNCTTLEEDWDQEKIILGGWMAKITTQLELIDYDYNPAVCDTDVPKLTWTDEICIGKKSGQSACNGDSGGAPFTNTMLIGVVVWGVSCATDPNSIFARVFFNDNWIRHNIAT,0.3243459165096283,0.01614730805158615,0.5064296126365662,-0.7729725837707521,142.0,0.7064676616915423
id_4,IIGGSNAKPHSWPWQAAIRSGQFVCGGALVRPKWVLTAAHCFVAPLTVVLGAFDIDSYFLEFSPKRIVRHPPFTPTTIENDIALITLPLPAVFDVQPIMCEPKEDTLCYVAGFGTDPCDLLEANLKVIKNELCNRDYGLTVINGVLCAGYEWGVGTCDGDHGGPDICKWIQIGIVSYFNYCGAKLPGIYTNVTPYVHWIISNNNL,-0.23767131567001346,0.15489885210990906,0.8315287828445435,0.8403425812721252,119.0,0.5804878048780487
id_5,IAIEGQEYPYLMQLEQEKKTCTGAAIACQFILTAAHWVMPLLLYRAGVGSHDIAKGELKVKANLHELDILFTHPHYDYWLTAEWVSKILLKREIELRTIHLKLDQKRFTRKSLARVLQGTIQWEDGKVALPVQPRAILVTKVCTIVGRGPTASQPVAAYRSATQDEIAGFLDWTNGAVSLWDGVIH,-1.0116442441940308,-1.832768559455872,0.6828078031539917,1.0636421442031858,144.0,0.7741935483870968
id_6,VSLGAEEGDWPWMVALQEQSYFCGGSIIDKQWVLTAAHCLLGYLRVFLRYQPLPEVLVRMTIEKIYPLRNYPMDNMPYDVALLKLPKLIAVNELLSVHELGTKATLCGWGNRPMILTGNLEVLPLEECGLQYIPVTEKGLCARTLEMKDICSGDSGGPAIIADIIIGITTFGPGCGDEKPGVYKLVSAYVHWIKQTVDH,-0.1647251397371292,0.2912281155586243,2.009857416152954,0.6053602695465088,122.0,0.6039603960396039
id_7,IINGNEAISDGWPWWVSITNLRHTCGASLITNNWVLTAAHCVLNQLYILIGKWSLTVREIEIRTIQLITHHDFNQVAAGNDIALVKLDKRVNGIEPVFLRLLPRPVKTERLPRYDINLATTRGTATFGDPIQHARQLKLLDLAVEDMKRIVPALSTITTLGKTDLNMVEPDEPDSIAHQVLDVSLQTNSNCVNVTKEVVVSV,-0.6875741481781006,-1.1161298751831057,-0.1444963663816452,0.7781366109848022,137.0,0.6782178217821783
id_8,IIGGKVSTPIPWQAALFQNEVQGAAAVVDWTWVLAAAHVLYVVLLGGHHWDSTIQTLTPAKAFPHPRVDLTPIDYATVLIYTMEKIRHTVRMIPEFDAGKEALAAGIGPVEDKLQLRQIKVVDKEPCAEPYTRGITRYILMVNYSDQKDICYGDIIRPTYWKHMEYDLAIINQAKGIDEPIVYTLPGVIASWNNLVT,0.31633564829826355,0.823731005191803,0.06069071218371391,-1.0817126035690308,141.0,0.6945812807881774
id_9,IVGGQIAPYGKYPSQAALIHGDFMCGATLLNARWILTAAHCIYGNVKVGIRAGDINQHTQRYKSVEIIIHEAKDNQFDFDVSVLRLKHTLWETIKTIPVNDTGTEVQVIGMGTAATHLATTNQPIINNNKLPAMFTIIGDAKNFIDHQLKVMAVTQDKQLNINVLDTSVVSLVPIKEFVPSTEDTEAELKKE,1.0620739459991455,1.220888614654541,-0.304396390914917,0.4409626424312592,138.0,0.6934673366834171
id_10,VINGQECKPGSRPWQVYLTSNKFICGGSLILPNWVLTAAHCSDDPYTVNLEDHELESYQQRYPVAKLILHPEYDSSQPHYNIALLQLREPARITVKPVPVESDGMLCVVSGWGTKSRHLRELKTTNLNCGRCRNGIYYVTNHNQFCVRLEREEDTCARDSPSRIACHATFHGIVIGGATCGFPSYGSYVCVHSYLGDIVQVLKA,-0.5283617973327637,0.8189054727554321,2.211712598800659,-0.17710262537002566,125.0,0.6127450980392157
id_11,IIGGHECEPHSRPWQVYLYGSAFCGGTLIAPNWVLTAAHCKDSSIIVRLGFHNLEGGAEYIQVSRIIPPPDYDADDGHYDILLLKLAKPASVVTLLPPYPPSYLCVIAGWGKPIEDLLQVKMPLVNREMCFEREGDIITENMECAGRLKKKATCAGDSGGPLICKYEQTGVLSWGHPCALPKPSVYTNVCEYLQWIQSAITC,-0.6723147034645081,-0.6089133620262146,1.0209041833877563,-1.1624699831008911,102.0,0.5
id_12,VILLIRDSWQQYPYQTVLLQYHGVCGGVYLTHTLVVTAAHCVFDLWGIQLHTAGVIHQTDLIHLHARYNMPGRVSDIAPVALHAPYDFTTAQINRIGFGPLSFTTLPKDFGTVELNDCELASPRQVTKDTACRDPEFMRWWGDMDGLMQQTGHPELIRQKRLVYSCPYPYETCIQPGLYCGTESSSGSAL,0.5368783473968506,-0.6218233108520508,-0.2840905785560608,3.00433349609375,144.0,0.7578947368421053
id_13,YSGKVDYLAKVTPMTAMVKVRCGGGILNIDNFVPAAACFTGSTTYVAGSSETTDAGSPVNDQDIFVSHNYTQVVIAYNIACIVTGTENTLDINNLIPGDLEAANACRIISGSLNSPVRVATIPIPNDDKCGGISAGSFAYEILSTGINVTLPGIAIAVGQPVYDCVMLVAEILASVRDGMGWANVPLGIQSVIRHLSYYPNNK,-1.7377628087997437,0.013521394692361357,-0.3820963799953461,-0.17318257689476013,152.0,0.7487684729064039
id_14,IINGVETGRYEWPWQANIQYFMHVAGGANLKRKYRVTAGHCVQHGWYLIVVNGFNSRVRLESSVEHIVSKRLTNLESAVYAVALRPLTSPPRDAASPMVKAETVVHGPVQKRVGFAETGAFLRFSNPCTHDGVRRDSDKTVVMYGLLIGPGCWNREQGVLAINNFLPDATVLINSGYMIITENWISTLARQQALLRWVY,-0.5408009886741638,-0.2446395456790924,0.5188286304473877,2.3816969394683842,148.0,0.7437185929648241
id_15,IVGGVDSRIEQKPWQITLRAFLPVCGGTLISLQTVITAAHCVANQDLVKVGVSSHSQTEVQVEKEFMHNVWNWENDINILHLAIPFKYHVNPIKINITNVTLWVTGTGNQPKYLYTATVNYFMWSQMKTKVEFNMQVVIVEAEEVDWCGGASWGPVTLEALLTGARLLEDDIHIIKRTNFTYAGMDLDLIYENMDLPHR,-0.0652223750948906,-0.3504897952079773,-0.8328676819801331,1.3295130729675293,141.0,0.698019801980198
id_16,IINGVESSDLEWPWVAKILSQHAYCGGSLITQQWVLTAAHCQDNTWTVLLGAHRLSRLTDYIPIVKIIQLPAYDIDTFDYDIALLRLPRPVELKIHPILPNVENILKAGWGSVADLLKRSDMDLQENELCKRLLYSILPSDEPCAKGAKLDTRYGDPGPLVMAVLQFIGPVSECDECKYEKDSIALDCASAAQTSNLGD,-1.4121530055999756,1.247523307800293,-0.9311249256134032,0.2560136914253235,131.0,0.6485148514851485
id_17,IVGGQDTTARKLPYQALVYSRMLFCGGTLIRPQFVLTAAHCLVDDINLVLGALDLSEFVQKLPISERYDYPETLLSTKRRDIALLSLDGPEGRTVIPLLVQDQPGQICVVTGWGIWPKDLQAVDLPKVSIKQCKYYYELHFDINQICAGIPEGKDHCPGDSGGPLICDGATVGVVSWGEGCALPVPGVYTLVAHYLDWINGVSKN,-0.31903770565986633,0.501373827457428,0.7453752756118774,0.14367413520812988,112.0,0.5463414634146342
id_18,LVKGTEAEPHSAPYMIYLLKTRYLCGASIINEKWILTAAHCWNNSVRVLVGAHNLYPEQLKVHVKRIHLHNDYTQPIAAHDFALLKLTRPADYGVGPLLPDGTKCWVTGWGRPPVLQEVDVPITDELECKRVYHDMIDPDMLCAGYAEGKDICQGDSGGPLIRDWILMGVVSWGYGCGLPYPGVYDNVCAYIDWIEETAA,0.7458502054214478,0.1154036819934845,-0.626602828502655,-0.2548726797103882,106.0,0.53
id_19,IVGGTKAVPHSRPYVASLQIWSHFCGGSLINEDYVLTAAHCIRGSTSIVLGEHNIYGGLQFFDVESKVRHGLYNSNVNPFDIALIKLEEKVKLDKQKILSTVRFGVDCSVAGWGGLIDKLRQVQLPLIEHELCKDLFGPIIKQTYVCSGPPFVQGACQGDSGGPLVCYWLLIGIVSWVAPCARRFPGVYTRVSEYIWLLRTVGD,0.08100701123476027,-0.3106483221054077,-2.299877882003784,-0.982110321521759,108.0,0.5294117647058824
id_20,IVGGEECGPHSQPWMVYLEHSRTTCGGVLISGSWVLTAAHCRSRTYEVHLGEHDEPPAQMIYLSRFIKHPNASTIQNDLMLLKLSSPVRLDVAPLLACTLAGPSCRVSGWGCFPATLQEVDVPVMSRDKCNHDLQPMITEYMICAGAPQGRDVCLGDSGGPLVCDGILQGIVSWGSSCAEPYPGVYAKVCKFVEWIKEIMAN,0.2905395925045013,-1.2852294445037842,0.6189613938331604,-1.9375416040420528,94.0,0.46534653465346537
id_21,IVGGRPATIGEAPHLVSLQRGAHLCGASLVNEKWVLTAAHCFESDLKVVYGAHNLSPYGQRPKVSKVVMHPTYSWDKINYDLQLLKLEESVDFNLKPILPSSSLCRVSGWGPTPEHLQEVDVSILPDDECEECLRAAQLDSTFCAYDRKSTCETDHGGPLLEPWYQYGLTLIVSECAVRRPGVFSEVSAYIDWIEVTVQT,0.27826496958732605,0.12910516560077667,0.2924418151378632,-0.5380456447601318,116.0,0.58
id_22,IVGASQCPATEYPFSVSLSSGRHFCGGSLISERWVVTAAHCIMSELDVRAGATSKKVYVTEVHQGQWYDDRYYDIALILLSEPQLIGIIPADPAVDTRSHISGLGFLKKQLLTKQLPHYTHHFICQAAHIGKDAIKPKAIYLTAIGTPHGAPLRAHNGYADVTELKPVLNSFRDQKFSDYTASKDE,1.7983393669128418,-0.7706058025360107,0.9926487803459167,1.193848967552185,134.0,0.6767676767676768
id_23,RIGQCEARAHKYPYAVSLLDGYHFCGGSLLSEMYVLTGAHCTDGAVVVLVGAVSNSDSGVETFVSSVQVTVQHYPRVSDNDLALVRLSTKHEFDLQATLPTLPGDRTVTVCSWGGTSKLLQFLELAKINNHNCRKHRWYPLEKESIMTGYPISESSCNCESDLPFVGNYMEILVSLRKMGPAFWQKGAPVCTYHRPGVLAYRYRM,0.9468879103660583,-0.01610102690756321,-0.6821491718292236,0.06439688801765442,139.0,0.6780487804878049
id_24,IVGGQPADKGQAPYIAGLIVGGGSCGASLIKNNYVVSAAGCVAGRWLVTLGSSRAFSAVTHRTYNDIIVEGHYLQDMDRNDVALVKSNPCFTFNVAPVPWYNLNLEAIDVDGIEAIKPVHEVTLTLDTNVEPIYLHGYVNLPGAVAKDWVNWRIFPNMKMAIVYEFNIIQSMKQLAATEIVDEEDARADHLMFNDIRASTLR,0.3408959805965424,0.5595102906227112,-0.2469066381454468,1.6857333183288574,144.0,0.7128712871287128
id_25,IVGGVEAKPHQRPYQVSLIRFEHTCGGTLINDNHVVTAAHCYKGSLDVVLGFHSVPENQVIIKISRIIEHPQYNYKNADNDIALLKLTSDVKFNVQPILPYQVIGEAARIVGWGSEPTTLTKVTIPIISTESCRKVYLRQIDDTMICVGGMNVKDSCQGDSGGPLVRDTILVGVVSWGIKCAVMYPGVYTEVTDYLEWIHAIAAS,1.5682538747787476,0.14061063528060913,-1.1858034133911133,-1.2350447177886963,102.0,0.4975609756097561
id_26,IVGTLAAVGRLWPWQVGIRFNHHICGGTLISPRWVLTAAHCVSNVYRVVLGIHDRAPQAIRRTVSQVIVHPPDDSPSLRNDIALLQLTNPVKMTVSPVYDNTIHALQWGVAGWPSQDTLFTSNLDILTRAVCNRSSQHLLQDSVICAAGTVNCGSCFGDSGGFHMIGNVVYGITNYIISCTENPGIFARTTRYVAWIIHINDT,-1.8002333641052246,-0.06755508482456207,-0.16332155466079712,0.6249080300331116,124.0,0.6078431372549019
id_27,IAGGRAAETLNRPHMVFLYVSGFVCGASILSHEYLLTAAHCTEGDLMWRMGALNNHTTEKRVKIKEIFSHQVFFDKNDAALLKKERSVEWIKPATEDEVTVAKWGTYPEPLKKVWLRLRTDNEPVSTYPILDLPKQILTTRPTLRSLFEPDTCTNTLNLVNQERTIQYQYRVLYDLEDEAISSDVL,0.6701745390892029,0.31985610723495483,-0.06493868678808212,0.8909252882003784,139.0,0.695
id_28,PITCDTAETKHNLFMPQLVLIQFKCCGGLITHDCFLCSASLITQPFIVIGAEDEQVRQRIPSVNFAIKHTVYGDDNVINNLPCGFLKKTCLAQIPTTLPQTLREGELRTVRWGQLSPILDPINLPVVICNVTIDNKFGMIPTNATVLNVFKRSLPGNMQLFDNTQLSYATIKHPRYVRFPANHVDEDIYVTVLGIKKFTNR,-0.7793950438499451,0.11768951267004013,0.2789631187915802,0.3696854114532471,152.0,0.7562189054726368
id_29,IVGGFDIDQSSWPWQVSLQYWSHICTASIISPQWVMTAAHCIYPMFQIVLGGYYVEGGEQVRSVASLWLHPAYNTVAFDCDIAILQIASPILLGVKALLPDYVVGTRKWVTGLGRLPALLVPVRVPVFCNSSRGPNSILQWARFSVDASTINYSGDKFTATLFLKDMITHILANVVTTDNNIQMIMETDSNAYSVLVGTIL,0.8339665532112122,-2.776167392730713,-0.6937798261642456,-0.4508391618728638,131.0,0.6390243902439025
id_30,VIGGWECQRHSRPWLAYLYRHTLCGGVLIDPNWVLTAAHCYSNDYQVYLGLHSLEESEQYFEISRAIPEPDYNLDSMNNDLMLLKLDAKARITGRIVLPDQACGTTCNAVGWGTQTELPRCVKNFILHQDKCFIAHRGLFHKDMLCIYRYKRNTCTGDSGGPLVCNWYLSGILSWGWPCAVARPAMYTRISAYLQWIQAVMDL,-0.8722932934761047,1.5301107168197632,1.4606330394744873,-1.6174569129943848,108.0,0.5294117647058824
id_31,VIGNEESAPHERPYMVALKKSETFCGGALMSENWVLTAAHCRIPNYIVGLGSLLLEPTQVTRGVLKWIDEPRFDSETCANDYPLILLSSWVSIAGLLVMPEDTAGSLDYVTGVGVPDATCIMVSAPVSGDSECCNVYVGGILPCTVCLGGPPGRNEKQIDALGLVIGKNHNYNIVIHSVDHCYWDFTAILSSNRPFFTNNATP,0.23824498057365415,-0.09944403171539308,0.10974572598934174,-1.2774555683135986,138.0,0.6798029556650246
id_32,TEWKSDCAEADFPWQVYLVQGRWLCGATLIDENHVLTAAHCFMRDYNVRLYDWDKEVTHQILPVEVVFMHPGYDARLSSHDIGLLKLEEPLSLTVQPIFPCAFDGTKCLAAGWGQTPFILQQADLPIHTNDVCRNYYYHNNTKNMICAGGYEDQGSCQGDSGGPLACAWVLYGVVSYGQLCAVARPAVYTLINRFEPWIQEHIQR,-0.004851673729717732,-0.24812103807926175,-0.4734522700309754,-0.999613881111145,114.0,0.5560975609756098
id_33,IIGGWESSPGSWPWQASIQHWRHFCGGTLIGQEWVLTAAHCFTSQYQVMLAVYNGEDDQQTVYIKKIYSHIDWNYTSNMDIGLIQLKEKAQMLVVIAVPPSQRKYEAILVGWGTKAKILNRTLVGIVNHDMCIIYHWNKVQDKLQCAGSPVHTAACTGDSGGPLMCQKQVMGVMSFVDHCNASPPTVYTRILSFYDWITCTMVD,-1.3649935722351074,-1.0472627878189087,0.982381284236908,0.15273483097553253,117.0,0.5707317073170731
id_34,WVGGVNTTLTEFPHQLSVQSYSHICGGSIINKQWVVTAAHCLVGAATVVVGSHLLEKGGQVFGIKDFIIHPKYNSPMHDYDIALIKLATPAQFPITAILPGPNSTGCIASGWGETPEKLYAANVTVISRLQCSSALPGFIRKTVFCASLEDEVGICQGDSGDPQVCPYYIYGIQSYGIGCATGYPDKYTVTAQFTNWIQHHIQR,0.6416576504707336,-0.9042493104934692,-0.5117964148521423,0.6587506532669067,119.0,0.5804878048780487
id_35,IVGGMEAAISEFPYQASLQLGLHICGGTVINAQWILTAGHCVVSDVQIVFGASFLTNLTESIAVSRIGWEPNFPQEIIYNDIAISILSPPETYNRAIVLPHFNVVTHVSGVDPWDVRQEVVAIGWGDLVDQLQAVVLHVLDKTLCSVASPITTTHVCALGAFGDFCKGDSGDPLMAEGVLVGITSFSQGCRDFKPGAFT,0.3122031986713409,-0.39926493167877203,-0.2849402725696564,0.566590428352356,132.0,0.66
id_36,IVGGKEVSPHSRTFMASLKLGRHFCGASLISEKWIMSAAHCLLSRLTIVLSGHNLQPCGQTEPGVRTFAMPCFNPDELDNDICLIKLSRPVTYDVFCAVYPEGVGCECASTGWFTLPDRLICTISTIIPYPRCSDADHFTVTSGMLCAGFEKDKSSCQGDSGGPLVCGGMAVGITSWGDLCAKKAPGVYSVVSNFVAWIVQHMAY,0.4280081987380981,-0.4576296210289002,0.0885523185133934,-0.9916138052940368,113.0,0.551219512195122
id_37,TVGSPAFMSESNPYMAHLQDNSMCCGGSLISPTYVVTAAHCVNVVKSIILIFDDCESIGMRHAAITIFKHDSYQDRNQENDIALVYLKTPVIFSHVPILMAEFPGDLCVVQGWGKAVDTLESVDVPVFNEVRCRESYHEFMTEKMICAGFPKNSCQGDSGGPLVCPGRLTGLVSWGDRCARPFPGVATKICKFMEWIKKVMGE,0.4591706693172455,-0.061089564114809036,-0.4643386006355286,-0.7875040173530579,116.0,0.5686274509803921
id_38,GCGTFDAIPHAAEHLNTYASCGAILPSKRCILTSLSCQFNLTVVYLIGNPGSIAFQVSKTYVHFEFDEHLEHNDIVFRKLPHPVDIEPYPVSLSTQFGSVQWAAGWGTYVDSLAKMTIPLTRNDMCARAVRITESKRQLCVAQPTGHDTCLGDSGGFLAVVLKLQGVVTWGDPCASAKPGYYTNVPNYYPWLELVMQC,0.4125899374485016,1.0010815858840942,1.121557354927063,0.15750479698181152,136.0,0.6699507389162561
id_39,LIETRECGKPSQPWQVALFARLGWCGGVLIADLWVLTAAHCVHPNDTVLLGAHDTEVPAFVIPVAKHFSHPDYNMKTYENDIMLLKLSEPIILTVQSIIPNNQPGTLCQVSGWGPFPEVLQELNVPTIERLECAEYDPESRICAYAKGAKQSCTGDSGGPLVCLWITHGIVSMGDLCNEDRPAFYTRVFSFVPWLMQTIAK,-0.26956707239151,-1.0037755966186523,-0.005518267396837473,-1.1748895645141602,112.0,0.5463414634146342
id_40,IVGGEPARIEEWPWQVSLRQGLHVCGASLIAPQYVLTAAHCVGEEWKIVLGVHGLSAHQIEYELQQINIHPDFNFNLQGYDISLSELSRSAAYNIIAKPLFLRPVCYITVIGEAHPRFFNGIGVITFYSVDGKLDADYAKTIMAEAVATMNPSTTTYCGSQEINFDADYAKVNNNSMVVAETIFSNSQESKKIQNVMKPV,-1.3160266876220703,-2.1623296737670903,-0.24452856183052066,1.219876050949097,138.0,0.6764705882352942
id_41,VIGNRDCVPHSRPYMALLQYDDIICGGFLIADKWVLTAAHCIGPNYLVILGAHNIEPTQQYFAVAAAIPPPDIDKNPDYDIMLVELVEPVKLTVIPLLALPTITLICRVAGWGRLPDGLRQVELSLREVDACREFNKDNMNLMVCAGEHEGQTSFQGDSGGPYVCNGVLQGTVSLPLFVGQPNVYTKVCRYVEWIKDTCAL,-0.8943921327590942,-0.4324531257152557,0.7005413174629211,-1.8726333379745483,107.0,0.5270935960591133
id_42,VVGGHQTPDDAWPWQVSIQYWYHPAANGLIVNRRMLTAGLCVSDTRQVLFVAAHEGLLSTVSTFIEHAFKGIAYGYEIVLNGLDEVPSRVPVTIIPQNLHEYNLTVINPEITGSMEFTLSAIYPDYCANDQRLPAFLNNICYGVQNGVAACEGDSAGATSGIGPQMGIAVFGYGEYNIYFDVIPRPLDRNAVAYLFVNYQE,-1.040751338005066,-0.6729975938796997,-1.1357287168502808,0.5172187089920044,142.0,0.6926829268292682
id_43,TQGLDEAAVSHTWFSAIITYHVHICGAVLISRRVIITQAHCNASIYKLRQVTWYLNPHADFIHPVNFIVHEGYKFERAQNDICLIRLETTVTFEVAPVLDVKSGNVCWKITKWESHPEQLKKAICTIVYPHDIEPQRAIVNLPNVVSACQYIWGGMETCNMAGAGILATRMFCSQPYYGGYTCMEQLAGYLQETARYRATFSADY,0.6758511066436768,-0.00805263314396143,-0.0068329665809869775,-0.5476096272468567,147.0,0.7170731707317073
id_44,EVGGFDTAIEDYWPAVALQRSDHLCGGSVLDRLYVLTAAHCWDDLVNLRVVAQLGSICGHIRENKVYIFHNCFVPDREDNDICPVQLKNYLDAMECTSFDPYEDSIEPRLDAGLEVVKPLDTIISWYSNCDVVYNTGIDYLEELQRKIFFAVDKHIQCWEDDIKKMLNLGLHRSTVSIQVRQNIALIEKDIQEGFLRQVATQNF,0.6314194798469543,0.2832142114639282,1.0203001499176023,1.245083212852478,147.0,0.7205882352941176
id_45,IINGAEITRHSLPYFVQLYYHDEFCCGILLTNRWIILTAHFCLENNQTLLFVDGKDKNVQKLLPVEFIKFHCGYSDWGFQRDLLLKKLNPVMDFTTALEEADNYYPGGVEYVHWTTKRSTEHGLNHAILNALLTSSLIKIALKVGVVKTPILPGTNPGKYGHTFGPVVSGYMHQVGMVTVSSSGAMARHQKYLVAVDLNKIRRWP,-0.34102004766464233,0.4697236120700836,1.910449981689453,0.453304797410965,150.0,0.7317073170731707
id_46,IVNGVDALPHPYPWLVALGEKDGICGGALLARLWILTAAHCVTNQLQMLMKYHDLGEPDQVSWKELIGFRLDPMLPRKDHDVALTELTAPIEYKIVEANLLKRRGLLNSVVGWGHSCFWERKTVSRVGPAFVCEAQYRHVAHVCANRTAGRAVCTLDSGGVRWLYQIDIISWGVGCAVGYLSNYLSISHFLDLIRRILTP,-0.04594700783491135,0.13173602521419525,1.4083646535873413,1.427156686782837,135.0,0.675
id_47,IVNGTEATFGKWPWQVSLQLEYHVCGGSLLNSKWVLTAAHCFETDLTVRLGNHNANIVLRGIERIVRHNRYPSGTGANDIALIQLPSAVQWGIAPVKPILIQYTNVTTTIGGVRYTQFNKASGITVNWEKEIRFRSYFSHPIEVGPTAHIRIANAKPAASRPGVNYFSLYADKVTATLDLTGFISHVSTVSQTTFGVTHWKNG,-0.27568942308425903,-0.1965600550174713,-1.7092057466506958,0.08369141072034836,133.0,0.6551724137931034
id_48,IVGGDECAIGKVPWQASLHTFFCGGSLLDARWILTAAHCFQPEYTIFLFHHNPGINQVLGVEKFIQHPRYNPPVYNHDLCLLKLFAPIDVKPLLLQPWEDSCCPIMGWDFPPETLQCVGIKLYPDQLCKIDYKAIVSDYMFQIRWRKGQDCRDRSGGIMLISGKLTEALILPTKCEEGLPSYYLKIVTLLNRFNKTIRN,1.8324919939041135,-0.08306625485420227,2.035550594329834,-0.807705283164978,127.0,0.6225490196078431
id_49,IVGGSDAAINEYPWAARLLTGQFFCGGTVLTPDWVLTAAHCVYNVPKVRFPLADRGIETMPIKKTMSHPYFDPRNLYHDVALVQLEEPVFNVRVIFPCIDDDAREYATVWDEYTDLQNEVLLRLDPFEVCITEGKSALYKSVLCAKPSSDPCQNDLAGPLLTEAFLTGILSFVASELPFDGFSRVNTYRDTISVQIME,-0.8900686502456665,1.089320182800293,0.4877518117427826,0.10635323077440262,127.0,0.6414141414141414
id_50,CGIQGSENAHHSASVLLHKAFNFCVGYLINRSMVVHSARCIESSLTVIAGHTEPVLVGTESGIATIEFSRLQPNLLNSDVLILKVSSNVTLGAGMLLASAFTGKEAWVAGLGHYHYLNASVLAYVDNMQPCVENDPTGIAQIFNEVDGALQAVLVSGVLPNPYWTYYVAVVFTDEGTSVLLNFHVVDSGCTQTPGEQYVPFPQ,0.11107445508241652,-0.1960485428571701,-1.4778200387954712,-1.1828866004943848,151.0,0.7401960784313726
id_51,RVGGHPADTDSQPWAVSLFTHTQFCGGSLIDPEYVLSAAHCGLGVATVRLGIHNLESTSVNVEPSKIIVHPNYNSVTLGNDIALLKYNYELPGNVQKILNVLRPGKLCKVSGWGKSPNLRCANVEIISQSKCRKFYKKKIAHTMFCAGVLDGMDSCSQDSGGPLICSWELIGIVSWGMGCAEVYPGVYAKITYHRDWIQKWYEA,0.7323997616767883,0.5480713248252869,-0.027563201263546944,-0.6656479835510254,104.0,0.5098039215686274
id_52,IVGGTDSSENEWPWIISLDLSHHFCGGVLINDQWVLTAAHCISDDFELVLGDLSLSAQEQYMGVVQMLSHPLYNTGDIALRKLATPVVLNVVPILPRNTSCFLTGWGPLVSTLQEGNMNLLAYYICNDYYNGIVVDDMICAGGLQGKTPCHGDSGAPISIIWKQIQITSWGTPCGPLRYNVFTLVSNEYDWDLETLIA,-0.2711053192615509,-1.8598403930664065,0.3230980634689331,0.8939908146858215,113.0,0.5594059405940595
id_53,GRKRRDRSGFPYIAADLKHLRSICSAYVIRQWVLPAASQAVFSGVLWIHSFALEKGRFQVLVYEKAKFVCSYDWGRPDDFLLHEYLPVAMGWVTDIIYWGEYRPTRMVIMWASRVTDQQYDIFSVLLRPNTLCRALVATSEPGLAKKICVTARQVIIMNLLQAAFVGVGPSVVSTSPYPALHNPLVDNVLLVDRYHA,0.4438392221927643,1.0923510789871216,1.1297709941864014,-0.5224013328552246,153.0,0.765
id_54,VVGGIDASAGDWPWQVSLQYWDHVCGGSLISSGWVLSAGHCVFGTFRVMLGAGSLGSGSELRKVQKILVHPKYDAVRYNNDIALLKLSLPVKYEVAPVLSQALETTVAHVAGWGERPFDREVQLRVVNLLECEQHSRHIIAPAMICAGEDGGEDACKGDSGGPLVFEGVVIGITDYGFCGAAQPEVYASISEFSTWIESLMKD,0.02840238250792026,0.3513963520526886,-0.3238394558429718,-0.1084085777401924,114.0,0.5615763546798029
id_55,IVGGDSVADEDYPWQVLIQRFSFICAASILSERHILTAAHCVSGSYFTSLGRPHGWEVAVSRIWPHPDYELKRYGNDASVLYLDTIRSEVPPLPPAAVVGAGWGQPVLNYVDLVITDNAKCIKLYDIILHDYMLCALKEEGHFPCRDDLGEPLVVKIVAAGLWSMVRECGRDLAGIYSFISKVRALMADVADR,0.10078707337379456,2.4372327327728267,0.264287531375885,0.9622821807861328,126.0,0.63
id_56,IVGGVECERASPPWQVALNSGRLICGGTLISEQWILSAAHCKDDPWTVGVYHLHWGEYQQKIQIERIHIAPNCPDYDEDIVLVKLGFAATLNVIPLCVGHMSHPLTLESRFIDVCKLEHPVDLTWSVMCNRLPQYCGSITLNWGWLGNIPTKLCKVQAWGEGCERYDELITIVLNAIPSIRTIRKNINSIPDGLVCMKSGCE,1.902411699295044,-1.016514778137207,2.059542179107666,-0.5050144195556641,138.0,0.6731707317073171
id_57,IINLSYASQGSWPWQVGVEKLRHSCGGSIISPNYVLTAAHCVTHPWSIILGAWDRTSQRLIHYVIQIIPHPRTYMRASEHNIALIQLKQPNVLQIKPSAPLALTGYNCFVTGWGTSAYQLQQALLPVMCDDTCKGRFASSLKDVWICAGGPKARPSCRGDSGGPLVLIWVQVGVVSFGVECGQPPPSVYIRVSEFVDWIKQII,-0.605836033821106,-0.058492489159107215,-1.0108785629272459,0.8469374179840088,116.0,0.5714285714285714
id_58,IVGGQNASDGAWPWQVSLQRGSHYCGGSLLDTQWILTAAHCFDGDMKVVVGKTHIVGNEHTIASSRSIIHPSYRTTTMRYDVALLKLDQTITVRPILPPVFPGTLCIVAGWGTFTSDLMYAEVPVLTSKACEDTWRPVNQTMICAGDPLGKDNCQGDSGGPLHCKWVLAGIVSFGSGCGRDSPGVYTRVSTFMSWINKKSYK,0.5479852557182312,0.5509556531906128,-1.1809184551239014,-0.8232612013816833,108.0,0.5346534653465347
id_59,IIGGREAKPHSRPYQVSLKSGVHFCGGTLIHPNFVLTAAHCFKRKMRVVLGEHDVEEDQQIIRVKKVIQHPSYYGHTISNDIMLLKLKSPVNLNVQPIMPAKLSGTKCLVSGWGFDPEKLIEVDVPLVDDELCNNLYYRTNMVCAGYYKGKDACQADSGGPLVCQWQLQGVVAWGSGCGQLRPGVYTKVSEYTDWIEETIAA,0.4845077693462372,-0.7893340587615967,-0.3012237548828125,-1.7863889932632446,95.0,0.4634146341463415
id_60,IVGGHEARPHSWPWQISLQYWNHLCGASLIAPNWVMTAAHCISNPIRVMLGAHWDPGQQVLTVVQLILHPYYDSALPLYDIALLKIAETVTYGIGPALPEILSKYDCFVAGWGSTPSTLQEVRLPVFDSKMCNIQFGSAVKNGQVCAGGLTGIDSCQGDSGGPLVCNGIAVGVLSWGIGCAVPYPGVYTSVSHYVDWIQENTPT,-0.3983134031295776,-1.1897592544555664,-0.8451290726661682,-0.04618120938539505,101.0,0.4926829268292683
id_61,ILGGAECDEHSWPWMASLLMGYHVCGGVLISQRWVLTAAHCLTRRYIVRLGEHGIAPTFQKIPLIRVIPHYEYNSLSGGTDLMLLELERTVSLTVHPAFDNIIAGMPCCVAGWGNPSSSTRQVMLVMVDTANCNIHHYSFIVHPMICAGAKYKKSSCNGDSGGPLVCGGVLDGVVSFGEPCGSPAPTVYTRIAKYRDWISETIPK,-1.4966331720352173,1.0714730024337769,0.07324369996786118,-0.893153727054596,110.0,0.5365853658536586
id_62,IVGGQEAQPHSRPYQVSLQRWSHWCGGSLINPQWVLTAAHCTEGSARIVLGAHDWEAPEGFLAPSRYVHHESYSPLNHDNDIALLELKKPMMLQVVPLLYCALAGTALLNVGWTNAPVRIRLTVCDIRVEEKCERIYNGLKTDLMFCAGIMKQKDSCNGDSGGPLVCNMSVQGIISYGRGCALAYPGVYTKIWEYVDWIDTTIQQ,1.5171937942504885,-0.5907178521156311,-0.40572455525398254,-1.5484071969985962,104.0,0.5073170731707317
id_63,YWDGTTSELEFPFLVAVQLSSVYCGGALIKCRYILTAAHCVYSHIQQRMGSTSAKLMGQRYPRASVRSHLQHVDEELDCDIALIEEAGPIFFYVKPIPFTQPNKVLCTDSYKGGYGKRLRALQVVAFPNKDCQIIYAPQPHEQELCAVLTKDKSSCTGSFGGPAGYLYTHAGVAEFTVGCSDGMTDTYPRVSFYRDFIKETTAF,0.8442522883415222,-0.2298567146062851,-0.2090935111045837,0.11575204133987428,137.0,0.6715686274509803
id_64,NIYGTAAAVGYWPGQVSLQSGNHVCGGSILTSLWVLTAGHCVFTDYSLYVLANRLGGEKVWRRPTSIVSYPGWTSRGNRATISLVKLAQPLKINVRPVMDINGYRCYETGLGNLPRRLQLLLLSNMPYPVMYCAWQEPVRDTLVCAVTFPVEESCAWFSINSDNRYYVRGMISEVMQCDGSEYGIANFYLNARKVQVVIWPL,0.6276171803474426,-1.4530123472213743,-0.06796801835298537,1.38933265209198,138.0,0.6731707317073171
id_65,ISEGQEAGPTEWPWQVGMLSGRAACGGALISLTVLLTAAHCVQDYLTVSLILHSATDTTDTVRIAWIIPHEDYVETDISVDIALMELERKIELNVSLQLPALQTVWGTGWGELHEVLREVQLRVVTRNDCWFYLPHIDTKVEICAYTPNQEGTCFGDSGGPLMFNTYQYGVISFGYPCSMGKPSVFAPVSAFADWIESVVA,-1.1495065689086914,0.021297374740242958,-0.5067425370216371,0.6365488767623901,123.0,0.6089108910891089
id_66,VVGGTSTTAKAVPFMAAVITNQQMCGGALINDYWILTAAHCVLPVMTVELGSQKLATTQVIPRPDRQLSDRFHDIGLRQLRNPMVIPVLPPKGVGSGLGPPVLNVETVSVTADNAADAVYPLDVMAVELYARSEAHELNELFRTVYNGNSYVTTWVNNSTTLRMVAWAPVPVSLALSTSDVCPVTTEN,0.018755283206701282,0.8808635473251343,0.9178627133369446,1.0661125183105469,140.0,0.7070707070707071
id_67,CWGGEESEEDDFPYMAFLFYGAGILVADQWVLTAGSLFAPPPRVYLYYLTEKWVEYLLRREILQYPLLTEVECEYDIGVLQVDNAICNGVDIGLPACNRDKHGLTTKGFVTAILSWGSGCGQGYWSPYTLVGDYHDLNADRCGQNSFSVGAFTPEEYPQEKFINAANANILDSGQLLFSILGEIIPNDCWGKAPHPA,-1.0144011974334717,0.6474705934524536,0.21059782803058624,-0.4519016146659851,152.0,0.7715736040609137
id_68,QCGQSTALILKRFWQCSLSSQDFISAGAAVDSLCVVTSAQFPTSLSYVRVALDNGDTYVDVAEALVSFQNVINGLCQAIPQVGDTGAGVGVPGVVAIVGEAALRSFPSIVYLEDIVRINFSSVLSYTSSPIGISHTFDTVTAVQQVRVASHLVANQVQCGIPLVKVNSQEQISTQLGDSLCNTNLKTSIWLTVVQYGPETVT,-1.005064845085144,0.9015322327613832,0.6229034066200256,-0.08699724823236465,154.0,0.7623762376237624
id_69,IVGGTDIEEWPWMASFQFLGHITGGTLIVPEWVCTAAHLVNNTILVILVRQDRDRQPQTRPIFPINPTTVSSRLLKIHNDALQRLLQDVVLCVTTWVTIAPNFANEENTQDRVRWYPPVGPDVIVAITLLYEDWEELAIGLLPAVDTLNSTLLRGVPSYDFKWETMLPVNSGEDGVLPDWVGGIDILICGGVG,-2.5692265033721924,-0.4559514224529266,-0.13224290311336515,1.1377511024475098,134.0,0.694300518134715
id_70,YCGKPEAEGEAWFWGGVLIDDWLLGGAALLDQQSIATAAGIVADNYILVTGDSRGVLNVKPYQVNLLEITSYMLDVVGVQVEFKSRLPFGSTAIIPGPLKAAIQWIWLPELRKQIRWNRYLPNIFDPLNEFIDEKNDEQLLAHANSAVILCHADSDRTVGWSLTTDPMPYTSVQLGQVDGYLSEYGTLVHEYSMVISHSF,0.28646719455718994,-0.8560441136360168,-0.939478039741516,0.5411272048950195,152.0,0.76
id_71,IVGGTPAEPYPWMAALTWKVQHCGGVLLSRRTVLTAAHCFYDDLEVYFGGTQSLLLVQRFPLPNFTFPVYSNDIAILQIENKVKLTIRPVKPSPCENTRVQKLGWGQQCAYLRIVKLEACNDSLCNRPKYTLMCANMVCGKTACGGDSYQPDSGMPFVVDIIHHGIAFALFDKTVGVMAFAVEPTTREPSTGIWP,0.5647358894348145,1.3838180303573608,0.8233540654182434,-0.4039563536643982,131.0,0.6717948717948717
id_72,IVGGEEAVPYAWPWQVSLQYGNHICGGSLIAARYILTAAHCVEVQGRVRLGAHSISPHELLVTVRRIIPPRYYDDTSKSNDIAILELKEDITLNVKILLPEDIQRSALIVCGWGDPGDNCQQVQLGYIVHNECKSRYPTVREAMICAYGDRGRSACQGDSGGPLQRKYIAVGIPSFGVACLQYPGVMTRTSSHLNWLAGPSGT,-0.6525686383247375,-1.0939297676086426,-0.9961687326431274,1.3768409490585327,113.0,0.5566502463054187
id_73,IHGGYTAQAGSWPWQVNLQAWLHRCGGSLISPRWVVTAAHCFTPDLRIVLGGQRLNSIKQKTPVDELVVHPLLNIVANGNDIALLYLSQDRQLNTQPVLPQPKCIVTGWGLPSRNLQYASLPLQDTKTCSKDYRSEVTIKMLCAGGEKKKTSCQGDSGGPLHCLWTLAGIVSFGEGCAASKYTVYTRDAAYVKWLKVSISL,-1.0152020454406738,-0.2313443571329117,-0.27800536155700684,0.4827849268913269,105.0,0.5223880597014925
id_74,IVNGQEIPDKEIPFLISVQMTFHSCGGDLLNDYFVVSASHCWQWMLRVVLGEYWGSKTHSHHHIRKFFRKKQFFDSTFNNDICLLKLDTPLKHEVKPILPQWLTGTMTLVSGWFSVSTRLREAELDLVTQRQSLVSGWTRTEVFVAELPGGTANLDDLTGLPLVQNGYVVVVATWLVGTLAGYVCVKSGLQALTEQVRAVQEV,1.4972038269042969,-0.5211061239242554,-0.6270002126693726,-1.5508384704589844,136.0,0.6699507389162561
id_75,IIGFENAARTQWPFVAALRYGNTFCGGSVISPHCVLTAAHCSLGSYKLKLGMLQLDPIDVQRSQEELYTNKEYTIVGMELDVAMQVLTSSILPKPCPAALLKVYDFDGYCTNAKKMTMTKLRKLSEFVIDHGLCIADEWEPYSDKVRGYDDAVVIKASHISIFDRLARISNYIYQAMWNASGYIGLPKMLQALNAYVSKICAFPN,-0.8355487585067749,-1.9776396751403809,0.9389675259590148,1.7161240577697754,149.0,0.7268292682926829
id_76,RVGGFEVPITNSPHQAAILLGTFFCGGSIYNQDHVLTAAHCKLGIISVRLGTTAGEVTLTVSDSIPHPRFYKWNDNDVCLLKVPGPVNYNVKCISAHPRYDTKDLISGFGANRTNQLMIIATFVKQKKCERYDKFVLDDSLVVSNLIKKWACQTDWSPYTDNGWAVAVHLANPANSIKVPRMLIRVQFVRDAVTRTLER,1.631171703338623,0.4865201413631439,0.30662801861763,-0.3934522867202759,139.0,0.695
id_77,IVGGNITIPWQAALQNDQLCCAGILITPSFVLTAAHCVGSLQTVRLGAHDWGVTPQLRPVKSVILHPVRNTEAYGNDINVSLKHSLFLSWGVAVPPGWQQNVPKITLWKPTLIQIPHMPYLHKNALSILTLLEPKDPDLCEGDSGGESTYDKEKFAVARVILEKEKSNNFFDYGDKIRNEGVLEKMKSKIK,-2.5634608268737797,-0.3475450575351715,-0.6951814293861389,0.26600977778434753,138.0,0.7225130890052356
id_78,IYGGQLVSIAQAPYTAAIGSGGALCGAAIINDTFVLSAGACLRKEDTLYLYYGRLIRIDKFILHPGLAVPNPNDDVHIIRISQWFPFNAKPIEAYYPIGDVATHTRWGGHSGRLQYVDLKINTNTICARAEGIMFYDNVICATYYEGRGQTQLDSGGPLVKVGTFIAVVSWGITCGRIYPAGVARISAFKFWLRSQYNV,1.0254591703414917,2.599805355072021,-0.44066667556762695,0.3278101980686188,131.0,0.6582914572864321
id_79,AVGGPEAVPGSWPWQVSLQYWTHTCAGNLIQPNWVLTAAHCFASTSNVYLGKQNLDKYHQRYPINKVFIIPSKNKHDIALIRFDDRVRLTINIGLPEILNHFNYPVGGWGKYANVEEEFLVTTMNNDKCWNRFKDILKCNETELGGDTFCNVQGGLAYVDYDVCAGHPALKLEKERDKAGFYSLQGECDGVYATGFGCNYY,-2.598520278930664,0.43347328901290894,0.1615588665008545,0.259243905544281,134.0,0.6536585365853659
id_80,IVGGHETTPHSWPWTACLQYIRNSGAGVLILRLWVCASAHLKYKTSKTILGAHNLAMTRTRISTNKRIPYGVVGMLMCVVKPLTVPKWQDACLSVLIGVDCYNHCGAGMFSDTTHLGTYNFRAQCQSYSYGDYIEGAYFSDIMQVIASVPSKFNDNYGLASTLCDWIHPATRGSPETNFQLDHTVFSNWTAIANPTYNTHPN,-3.0990324020385738,0.6463915109634399,-0.12070754170417786,0.5049876570701599,148.0,0.7219512195121951
id_81,CYNDEAKFYVKYPLMAYIMSGQLTCGGVLVTRQWILTAAKCTGAEEKVILHSTDIEDPCQRFKERKFSAEHAYDGLSFDPDIVLIHLTSVPSLVAITFVEIKITENRICEAGAAGFLNRYLFATVEEGIDSALDKVAFKTFHEVDLTKLVARADLDADKGFKSSDLEVHLLATLWGHTVTVLPRRDTKSSDLEVCKNVYGGVSHE,-1.7412669658660889,0.2109006494283676,0.11744500696659088,-0.4684728682041168,153.0,0.7463414634146341
id_82,VLGEEDCSPGSAPWQALLYLGKLFCGASLINPWWLITAAHCINPHYRVRLGILTTSDGKQTVPIAVIFYPHFSNESYDNDVALLKLKHPVIWIHPALPNRRANGKVIVTGWGSTPTLRRVKFQFVPNDYCKSRAYTVIIRGMLCAGPHDDKDSCQGDSGGPLSCKGILLGITSFGIFCARPHPGVYTCLLKYEGWIQEITVE,0.06979085505008698,0.1742277592420578,1.819231986999512,0.1324259340763092,115.0,0.5637254901960784
id_83,IIGDWECKIHSQPWQAFLYHKDFVCGAILVKRRWILTAAHCVVSQYRVFLGKHPFNNGVHVCEVSEVITHPGFCFPSHDGDLCLLKLKGKVLLFVDPILTNDGTTCKVTGWGVHPDTLQCLNVTNLEPTECRDWHAPFILSSMVCAGLKKHKDCCEGDSGGPLVCNGQLYGIVSWGSVCGSSSPSVYVRVRKYDGWIQSTPGS,0.4265279471874237,-0.7975687980651855,0.5339826345443726,-0.4946379661560058,104.0,0.5073170731707317
id_84,LVGFDTTIDDMPWMARISLPKLYCGAVVITNTWLVTAAHCVVNKYTVTIGTSAETPSFKVEKIYMHEDYNKRDYNHDIGLLKLKESEDSIQPILPYPGSEQVVSGWGLRATALRLYVRHDCEVALNHPTYDTMICADYPTVRGICNGDSGGPLFHRFYLVGLVSWGIGCEKAKPGVYTDVSQYLNWIEMVMKD,0.3351532518863678,0.2918478846549988,1.0772254467010498,1.1082783937454224,115.0,0.5778894472361809
id_85,VIGGVNATLGKWPWQISLRGARHRCGGSILAPLHIVTAAHCVHDQYSVRYGSSDSGSVVASYQLVVMGKPFSIPSQANDIALSKVVQPVKLSIQEWKKQSANVHVVGPVNLSNIVAWLMKVTVGEPTLIAEVGSIPSASRGTTALLTIVSEVDGHAQRENHADNMTSRHFMFIMRLGTNPIKLGKTYGLIKLGSRPG,0.031399667263031006,0.09642140567302704,-0.2032160609960556,2.058101892471313,142.0,0.7208121827411168
id_86,VVGGYDCARNSQPWQVSLLAGHHLCGGVLIHPKWILTAAHCYSDPYEVALYEHHVEPGEQVVQVVSSIRHPGYNGDTFDHDLQLIELEKPAKITVRPILPLPSYGTKCTVAGWGEPDLQEYDLPILNDAKCESRYFRKITDDMMCAGYKEGKDCVGDSGGPLICDGKIHGVVSWGSPCGKKQPGVYAKVCKFIPWLEDTIAA,0.2730705738067627,0.21189989149570465,1.274213790893555,-2.4601287841796875,96.0,0.4752475247524752
id_87,VHGQQTTEVSQWPWQVSLKGWQHFCGGALINEGWIMTAAHCIKRQLRQVLGNPDLQSNAKAYLVSSIFDHPGYNAGRLYNDLALLFLEEPFDILPIVAEQIVGQPLTRAGWFPVRNQLWEAAVPVLDNKECKIIEGEDIDDLQLCASYPFTEDPCYGDSGGVMVELWELAGIVDWGIPCARKPGVYWREYAYIKWILKILEN,0.23520368337631226,-0.9864052534103394,-0.4343153834342957,0.3516615629196167,119.0,0.5891089108910891
id_88,NINSNPCLRDFTAAVGSTQGYCGGVLINRNFVLTAAHCVIGPFKIRLGELKIQGKARVEKVRVQILHPGYESAVKAYDIPVQQLSKPVLLGVVPLNVPEMGTVKLPEMSGVLMGILHAILLEDRNILPSIAGALCNMEPLTQVVSNEECEGIEQIDDVTFFLVNDFLTNTTTEIAIITTFMKDDGLLKLNAL,-0.17220991849899292,-0.566513180732727,0.017666822299361232,0.4425399005413056,142.0,0.7395833333333334
id_89,VVGGSTIQPWQAGLVYTTSICGGSIITPTYVLTAAHCVDYKVDVLLGTERKDGEQERAIEKIIVHTVYSVAIHINDIGVAHLTESIGYTIQPVCVTDTEARTFFDLGVGSIDETVGHAKLSEQEGYKCPTLIAEFTMICKWEEKPECKKYFDYMDFHLDQCAELAIWSFACKDDCRYDDVYDFCHGDSGGVLVCNG,-1.3685543537139893,-0.2609210908412933,0.4492708444595337,1.9132869243621824,142.0,0.7244897959183674
id_90,IVGGEEFAGNSAPWQVSLQRWSHFCGGSLVNPNWVVTAAHCLQSYARVLLGEHPVEGTLQFRDVDKVFKHPAYSPPGYNDDICLVKLGSPVTYNIKAVLPAEVAGACATVSGWSSYPAYLQLAVVTVVTSDECEAYYRHNIATRMIFAHEKKKADSCQDDVGGVPIDLEQYGVIVFLLGCAETTYGVYSGVGIFTDWIKKIIDN,0.5094953179359436,-1.9388064146041868,1.595961332321167,-0.8450535535812378,109.0,0.5343137254901961
id_91,IIGGREATKGSWPWQISLQSWVHTCGGTLITQTWVLTAAHCVDNSFTTVVGADDKTTYTVDSVIFLSQYKGTGLPNDIALILLSEPVNFNILISLPYSACWGIGGGTSSYQGHQQAPFLPQAKCRERTRIFVREDGICNFAFLILGSPDQSRKLNFLYVTVALPERFHQTSFRFNDIFKMQGELSLSEPGWNR,-0.4173757433891296,-0.0802350789308548,-1.7968957424163818,1.4960318803787231,133.0,0.6551724137931034
id_92,IFGGNSADLGNFPYQQALFVHSYFCGGALVHPNFILTAAHCLDYVYWVTVPFNVRQRYERQLPVRNHRSKRGVYDLALVKLPRPNFLNTALIKNTNKVNPYFRDSDVSEINRPVTMEAIPSDDPVLPGLQKYTTLGSGVVTSTGLVAPAVSGILSSCHSDRLDTLEIICVRVASCVDQ,-0.3632884621620178,0.12777039408683774,1.13383150100708,0.5380053520202637,135.0,0.7219251336898396
id_93,LVNGSWVVIARPYSYAALTGVFHFAGGAVLDLELIVTAASHFTLIRHVIYAGGAQTDELEVRVVGQLFVENWNFALITDHLQLILVRDPIYRDVIRSTASGAQQFARYLPYFRHSSAITRDVVVGFVNFVDLKFVLNKGELESRAFLLKKPARFISNIKGTEPAGATTWSVGMMERVQESYNIVIKNIQIERFIPFN,0.9141656160354614,-0.7066611647605896,0.0954471230506897,0.38882791996002203,152.0,0.7715736040609137
id_94,VVGGWECQPYEQPWQVTLEHCSHTCGGSLYVDDWVVTAAHCFHDKYQVRLYIHAIEDEIQLIKVEKFIIAPKYNPDDIGYDIALVKLESPFELPVEEIYPTDPFGQAGFVSGWGLPTQLRVLQVPIVTRRDINAPWQVLVTKTTLVVPVNEQDNCCGVDLGAGAVQWGKAVLTVHKPPMCASDIAGHSNSSEQIIRVIQRMTDV,1.1528857946395874,0.1575314998626709,0.7869718670845032,-0.833764374256134,127.0,0.6225490196078431
id_95,VIGGRNEEQPQFTQAALIFHKTLGAGVIINDRWVLSAAHTARVAVVAYWGVDVDSQHESTMKIATFPECARLSFRNINTDELCAGTTGGSCKGDLGGPLPVMTTLAGITSGGYPCLYERSDVYTRVTAFCEWINKTFFPPYNFLKYILNKLKQVDNVVKSISLLVPVAPANIPVVTPGSLDISLWVNAVVTVLQGVDEPRVR,0.4405723512172699,0.7151374816894531,0.4349898397922516,-1.3477349281311035,151.0,0.7475247524752475
id_96,IVGGWDAELGEYPWQISIQIIGHICGGSLINDRWVLTAAHCFKDSLTIVLGEHNIGSSDTTIKVSEFFVHPNFNSQSPLNDIMLLRLSKPVQHSIRTVIPGEVGGTMCKVMGWGFLPRFLQEVGIPVVKNKTCEEGYYGYIANTMICDGDVEGKDSCQGDSGGPLVCNWTVQGIVSFGSGCGLWKPGVYTSVSSYLDWIHKTIRA,-0.00691998191177845,-0.0018911525839939716,-0.3846188485622406,-1.2984800338745115,102.0,0.4975609756097561
id_97,IIGNYTTLQSYLPFMVSLRFTLAYCGGAIISATFIVTAAYCVIHEWYITARSSQSLSQGVTFVYKSIIISKNYNTAGKEGDIAIIVLSSQLALDIPPNIESWYWGWAHNKLYKADLILRNDNDCIQQYPITIYASHPCANTDFMAYWGDIDCGQHQLRLLFSIGSCRPGVRSIYTRYIIVETDNCEVRRISLWTL,0.3753118515014648,1.0756229162216189,-2.4979653358459477,2.5642096996307373,142.0,0.7064676616915423
id_98,IVGEREAEPGSVPYMVAFYKKGQGCAGSIVTLRFVVTTGHCNRDSSKVLLGLNNLRDTSQKIPIVLQIRHPAFNKNTELENILLLELPDTATRNIQLILKPTPTGDNVCAAGWGDRIKHLQHVRINVVGPDNCRNDYLNIIWENSFVAGHPNKVGATAGDISSPILPLPQVKDIAIIVVYGDLSDPSSILIITPIMIDNTKPLMK,0.2084827572107315,2.2571580410003658,-0.17442581057548526,-1.043974757194519,134.0,0.6536585365853659
id_99,MVGGEEAAKGSWPWQGSIQYTNHFCSATLIAPRWVLTAAHCKPSDPTILLGEHILDVGDETFPISQYIILPTFNLKAGRHDIAILRLMKNAVRTGLDPADVLVTIWGPGEAAAKKKHTKLVDHSLCSCANPPDKRYKPLNDFYGPILFSERDPVLIVMFKPPPPFEEVYRADILPIQQAGWPCR,-1.4323745965957642,-0.5846232771873474,0.04157022759318352,0.13317786157131195,133.0,0.7228260869565217
