id,sequence,z_0,z_1,z_2,min_leven,perc_min_leven
id_0,SGQHRDTRDDSNFLIASTIKVPILQQIDKGQGDLAKLATLTESQMTGGDGIASYQSDGKFSVRELVTKAITVSDNVAANMAIDLLGKDAVNKFWQSMGVTVTRSARDPAFEARDATGLSTSTPRDMVTLLSLLQEGSDLSRQACAQMLRILSNTRGNLLLPSGLPGTIVAHKSGTLTSIRADAGIVAPPRPPIALS,-0.9225092530250548,-0.7977429032325745,-0.30824053287506104,114.0,0.5816326530612245
id_1,DGWYWDVNENQHLPLCSLVKVLVLRAVDAGKFSLAQTVEVRKGNLVDYSPVMDKRTGWQYPIRDLCRFMVTLSDNTATNLLIERVGGAKAVTEFLDSYGIHATVLDPWRDLNSGDADLRNISTPNGMVEILAALASGNVLSPCSTDQLWAWLTFKQGRDGLRRNLPKGWTIADKTGNVLSGATNDVAIIDKDGRDVALV,-1.8479602336883545,0.8097826242446899,-0.7275072932243347,115.0,0.5778894472361809
id_2,EGEITDHETRKMFAACSMKKLLIAAVADGRFASEHKVMLRSADFLNSGVLEQFPGKTRAPELMLSYMIVYSTNTAANDLLMIVNENVANNEFYNQTWMHDGIHHRGRDDAERDQGGQNKSAANDTLLLFTELLEGHSITSSSTDPSLIALVDQKDNDNLAALLPDDTAYAQKTGGKSSVRNEMAAVMSPGPSVLA,-0.26080840826034546,0.08405155688524246,-1.5420700311660769,133.0,0.6820512820512821
id_3,VTGRYVLNNEAFLMQASLTKLPILRSADRGKIDDPEEIILTHEADLEGTSSARRKLPGRAVWRDLAAFSLRISSNTASCRLIGLGGGADVVNRYFAGRGMLQVVINGTDRDAASRAPDVAGLSPRESATFLKLARNDNLAPPGAADVVRRVMQATQHSKDLLALSGGFSAAAHSGGTAVSGLVRDAAAVEPARRAVAV,0.6203551888465881,0.8430355191230774,-0.6107671856880188,137.0,0.6919191919191919
id_4,CGGETFRHNENMKMISTSKVAIAKAILTDKGHLKFMEQVSENKYNLAPGSAIAQHKPGYTWYGYAYMLSMSKNNNNNKIIDNKLGGEENKKFNIHKHKYDEINNKFKNAKKDTSKEVAIGNKVIKLSKYSYKNSSNKIYFINTAANYDNKYSPGVLEDIGEITANGNTTGQEIATVDINEFNKNNLVVV,-0.8177570700645447,0.6817038655281067,-0.7012426257133484,141.0,0.746031746031746
id_5,NGETLAANGDARVPSASVMKTPVLQRLDHGQLSLDQRLHIRKDDIVAYSPAIEGLAGGRVSVRDLAAQTMRLSDNTAANMLLRRFGGAAAVTAYLRGIGLEDVRFVRTPQMSAQWREYRNTVTPRGMVAGLRRLASGDLLAPASTAFLWDVMRAGAPNARIAAVLPAGWHIADKTGTGVLGSSNDAGIVTPGQGRYAVV,-1.092243194580078,-1.3304038047790527,0.2183988392353058,113.0,0.5678391959798995
id_6,DSRAVEFNGEQRFPAQSTMKLFLLRGVDQGKIRLPETVPVTQDAVREYAPLLREKPGRWVTVREVAVRMMSRSDNTATNILLSRIGGPGALNHWLAPIGMSATRLRRWTDLNARPVGLRDTTTPAAMASTLARLEGGHCLSPAATATALDVMLSQPVPSTFPSGLPEGTLVSHKTGNTVLTSTGDGAILTTGRAWAVA,-1.102447271347046,0.4992326200008392,-0.2165219783782959,120.0,0.6060606060606061
id_7,RREDAHVNGDIFFPMQSVVKFPIMQAVKAGKIRLTKKLILDESDLKGGSGIMTKVRDTTYTLTDALRKQIQMSDNTATDLLFQVAGGKSTIDRYMAAKGIADINIQRTDDLAGYDNRNTNWGTPREYTMFLAAVHQKDAGNDSCTDRVDINMANQVHRDLDKAPLPGNATISHKQGLFDSVDADMAIVILNGSPVAIV,1.0293503999710083,0.3280986845493317,-0.4722375869750977,131.0,0.6616161616161617
id_8,SGTRVSVNAERYFPIASTIKIPLCDQIAKGQMSPDQTLTYPQKAYVGGSGTLCFDRGSPLSVKILVTLSIIISDNMATNLLIDRIGKDTINQYMEKLGDKKTSLNDKPQFDNTFNNITTALDQSAILSKIVSGEAVSEASTGRFIAILSRQHDGDLLPQGLAQGTVIAHKTGELPGLRHDTGIIYPDKQEYIAV,-0.048179935663938515,0.3790444433689117,-0.995753526687622,116.0,0.5979381443298969
id_9,WTEEVASGGEERFAMTSTYKQAILSNKDAGKLLFTSTVKVSASASVAGWPVLEPLTGPSYFLDDVAQAAMTVSDNTCTNLILARVGVQDVDEAVRRLGYCDTHIQRDADPRASGDGNFNVTTPADMVNRLDALLRKGARPPSSQAFAAGIMNKQPFNEGIAAGIPRGVHLAHGAGTSGAGHDAAVIERDGAPLALS,-0.02638997510075569,-0.7743845582008362,-0.5656556487083435,131.0,0.6582914572864321
id_10,TSEYAWFVRQDKYYLASSIKKAVLMDADKHGHLFEEQLVFRDKHVDGSMPMAYFLPGMTYAILDLSTMMMRSSNTTAMLMLEKVDKDTLQRNKKLYKKTRLHAAPRPKITVPNMFDWTSTKDGYTTLLLLEESEAIKEDQNMAALSGLMQQKTNSAILALPLNFRDKILNTAVDSICSEGALFADLLAAYLAI,-0.4506767392158508,1.4603445529937744,-0.9599515795707704,141.0,0.7305699481865285
id_11,NLYQYTANEGKHFPPASGIKFSVCVYDDKLNNSLDREGTFSKKLLDHSPIDKKDRNKKTLLTLSMVYNKMLSDNSCCLEEITVGNGIISVSQDFIRHGNKVGVIQLSTDKNQQAITKNSTTSSNKMLIAIIFIQQQTEVNRHMLSIQSIILTNKQAANLLPLYLPDYAPIIYKTGTNIGAVDHDVKVLIDESSNFYII,-0.14089496433734894,0.2302463948726654,0.3993106186389923,143.0,0.7222222222222222
id_12,PGKETEFQAAKLTVAASSVKIHIIDEMRSGELDPMKKMIMLEEAYLEHAGDVSTYRPGTYTYYTYAMMTKITSDNNATNIMLKEVGGKQSLNDWMREKGMSQTRINRYPPDDAGTNLTSTADTLSILGKISNGKSVSDAYKSRILYNMKAVVYSDNRSAVLTPSEVYAHDSELLGLSGDGAATLINMADNPLFYV,-0.6446173191070557,1.6424744129180908,-1.9735698699951167,135.0,0.6923076923076923
id_13,PNRAVDANGEENFTMGSTWKLLVREAVMERAPTLNAVVTYSRSDYVDWSPITDASPGKEITIRDLLQAVMDVLDNVASDVLLEAVGGPDETYGFMGDTGATRSSVFASAVDQADDADYHNQQLPNDLTRYMQLVYTADGIPSEKSAWMAEEMATRSDPRRFPAGEPEGAPVGSGTGSGQGATRNEIAVITPGARHIAIV,1.1203393936157229,-2.843183755874634,0.28484681248664856,133.0,0.6683417085427136
id_14,GDWEVFWNEPDNVLSASTIKRVLLIQADQGTIKLDERFPFESPDILGHAVIVEKAVGTSITIIELCAATMMRSDNTAAKLVLIRLGGPKAVEAFLREEIGTPTAVQRLPDFNGFFGDRTNTTTPIAGLASLKALLTKSIMSLASCSLLVEIMVDQKHGVDLAPVLPNEVVIANKTGANGNAGYGDAVCINPGGKEIAVA,-1.309179663658142,-0.5592212080955505,-0.6757962107658386,120.0,0.6030150753768844
id_15,DEENIYIDNSIYYFSAISTKKILNVILHDKKIIFSKNKLIEKSEMLGGEIINNKKFKQSYTYSLMCNTTMMYSDNTNNNIIMISKLKNKNKKIFFKNSINAKTENLTDKNVNNKQIFTNDKTKSEISSMTIITILSDNILSSSYKHIFIEDMISDKLDNLFASILDDDWTIADFSGNQSQAALNDGAEVINSINKIISL,-1.0812826156616209,-1.018657922744751,-1.708176851272583,140.0,0.7035175879396985
id_16,IKQIEGIHNDSKFFLASTIKVAVAELIKQEGLDPEQILWQRDKAETAGCSTTASIGEGRFTQMQLLTLMIAVSSDTATIMKILLTLVARSAITAQQMMANDTMNVRNGKPDRADGQVGNNFTATSDAALIYLLRFQFTSATNATSDAKAGMIDRTVDNEARSLQKMSAGGVATSKTLDGAVIGEAEFIVEVDSDFYAGV,3.456068754196167,-1.0968133211135864,-0.2078184187412262,140.0,0.7035175879396985
id_17,TGWTVGRREDERFAYCSTFKKLLAARVDRGGFELEQMVVVKEAVPQSDSEWRTPHASTYLTIEAVLEKWIEFSDNTAANLIKRALGGVTGVNQYVVGLGDPATRIDRWIDHNDIKGGIVDSTTPRAMIAGLQKALRGGAMSSLADAAIAGIMRTRNADARIPARVPPGVAVGHKTGTSPAGGNEVGIVFRAARLV,-0.6895149350166321,-0.31998634338378906,1.127837300300598,117.0,0.5879396984924623
id_18,SGTYYGLQRTPDMMVASTFKTITVSQLDEEDLALDKILFIKEADLVSYSPVTEFMGSGVSTVKDLCTAMMIADDNTAANILIRYKGGTAVVNNFIDLLGIRDTRVQGIPDAENRSGGFENTTTPSSMARLITALLTGALLGKISTDWLLSAMESDQSADRLPKGLPTGWTIANKTGWAPGTTNIVAIIRRHEKPAILA,-1.2608300447463991,0.3229208588600159,0.6827036142349243,121.0,0.6111111111111112
id_19,DTTAALVGNSPRHPLSVSVKVVATAQARQGRKSMSDRIVLRKAQSLGTASILASIPPVTVSAYTVVCAMAMSSSTANTDLLRLAAGDLVHVQQTERTAIHHTYHSRQRREAAGNWADGNNRTGTLAEVTTLTQLDADPASSAYSQAVIRQDRRQYVNQKDASPLAIAATVKSFSAGASGPMCRESSEIAAAAGREMVSV,-0.10963081568479538,0.5646988749504089,-1.5537357330322266,145.0,0.7286432160804021
id_20,SNGSWDIWDDETYMMASCVVLGWIAALDTGRLNPTEAVVLRDKDRVNGTITLMHSDPGTAVWADLLLYSMVTSSNTARDYLLKVVNGGDTVTANMLRAGGADSIVLQGNALEQAAESFNWTAPSATVRTTLLLQDARDADEEGQDMARWIMSVERPRRRRAAPLLELSPVVKKTGTKLWRASHMSGAVAFDSRGYAVA,1.2958239316940308,-0.7561487555503845,0.7089255452156067,135.0,0.6818181818181818
id_21,CSTGAVADEAEHPRIAAASVVVAQAVAEGGFELLQATLFTSADDQSASGQIAVAKGDVCTTAALLDVAELRQVDSANNVLLRRVRFGDGVTANLRTAAGEGWLDAAGSAFADAVERGTWGRRWPIYATMFAQWAWHRDLGESAARAMRGPMMTTLSNRGLGAGVGPTETVAAGKAGTGGDVARNSTAVVAPNRDPAVVA,0.09453776478767396,-2.268261432647705,0.24847175180912015,138.0,0.6934673366834171
id_22,EGRYEGQFESDELTIASPVKTPIVESVARGNHNLTSRLTLRTSDKEGGGAMKGFDKSQFSVARLLTFMITVSDNSATNLLINRFGIDELNQKWRHTGLHYTEVDKPDTHTDKLGRSNTFSARDMGYIVALRERGTLLSDKTCQSALDWLRCQDNRYGIPRYLEDGVRVAAKTPSLPEVRADAGIIIPTESDYVAA,-0.10848510265350343,0.2018141895532608,-0.8015724420547485,120.0,0.6153846153846154
id_23,YDGFAWNYNANFLFASQSTYPLTIAKYFDKGQQKFNTKLTFKDLEVGKYAVEEKNKRYTSIKYLAALTSHNSFSDNTTTNLIVSHLGGKKEIFQKFRDWMLSTIIINYKPNFYLESYSINKTASAYGLTKYGLNSTQGNKLSMSSRSKQLSIFMSNKTRAGLSLGLGASADIYAGQGFNDYAADANIVISQDNKNPSAY,1.3875170946121216,1.3104311227798462,-0.05423364415764809,133.0,0.6683417085427136
id_24,YGGRYHLHNQTVIPMASSIKVPIMRDADEGELKLQQQLTLTPEAMVGGAGIIRYLPGGTISIRDLIAKMQIVSDNTATDMLIEEVGEGKAINAVFKDLGYSYFQLAGSPDLNANQQGGNNITSAKDMSTGLMALLTEALLSARYTDLILDVIARQRDKTLVPGPLSEGVTIAHKTGSIGRSRGDAGAILLNGNPVVLA,0.3378485143184662,-0.004354681354016066,-0.40197017788887024,117.0,0.5909090909090909
id_25,INGNLEINGLTPMLSAGGIYISMLQERDEGKILNPDTLCRIKTDKTGEIDVSCKQPYTNSQLSLAMEAMVLYSASNKVCINLSINLKVNLQANLMPLSGFQVQIERTKDNFNKHYGDISTQSIAQYSLIALSHQHTLSANSTSIQARNYGLNIIQYELGDLAPNGATNKYFASGSNNGATTDNDDALLTKFSI,0.526881217956543,0.4735667705535889,-0.7040700316429138,146.0,0.7525773195876289
id_26,EKTVTGVDDTRHLSMSSVFRFHLAEDESARYGKLTAILAYRRFDGQASYGLRHQRPTAASPLALSAAMMVQSSASCANIALLRLRGPTQAAADDQVAWAIPVEVYRRTSNTAAHDNEVDVSDSAEDAALLVSLARARDLDAAPRGTGLVVQEQGRGRAPAPKPGTADWAHGGGSGIAVFGRDGTFGVVGPGGRAAV,1.1006489992141724,0.19483409821987152,0.42844027280807495,140.0,0.7142857142857143
id_27,TGRCLGVRDGARLAAASACKVWYAERVRAGDLSLTDALPAREMDRAPGAGVLQSAARDAVSVRAVAQLMISASLNIASARLIELLGPAAFRATIHELGLDDAAVRRSIATGAAGSIRNRTSPADVRRVLRAILQQQSVSPKAAEYAAGLMEEVGDASVIGGYLPHEVHIGSKVGTPESGAVGEMGVVAPGGRCMAVA,-0.4405652582645416,0.13337668776512146,-0.060696106404066086,132.0,0.6700507614213198
id_28,NGADVGWNGNERFPSASTIKVFVLRYVDRGKLTLDDQIAMPSKDMVTGAGVLQRPAGESISLREVLELMLTRSDNLATDLVFERVGGPGKVNETWLSTGLLEQRVDSNRLIAAASADPRDGANPFAMARWLTGLDRGSVLSPQSRDQLMDVMRRPRERVDMPLGLPAGVKIASKSGSRTGVAHDAGIVTPPGRYVV,-0.5889484882354736,0.3093968629837036,-0.117624431848526,119.0,0.6071428571428571
id_29,KGAYIGINGNISVHLASTIKIPIADKVDRGKLQLKDEIRISADFDTDGYGILQYTPGSEISILEMVTLMISVSDNTATNMIIDLVGMDNLHQQMKKLGVKNTRIDNVHDLRTKTDIKNTATPMDMNSILKKLLDGKIISKKNIDYIINILRNKKVNSRAPKGMPVGTTVAHKTGQAERAGRGEAGIINLGGKGYVFV,0.2827831208705902,-0.6503187417984009,0.5813407301902771,119.0,0.6040609137055838
id_30,TGERRDYNESRRFEACSTIKVYLKREVDKGKLSLDDKVAYKEQVRLEGSWMMSYSGNRYLTVKELIERMIVVSDNIATNLLLRQLGGSKAVNQYMQSHGKRVTILRDVVDNAIYKDDQPYTSPKDLLKLAKVVYKGQLVSRESADLMKNFMETTMLRDRIPAGLPDGTHIADKIGTQKAVANDAGIVYAAGKKYVIV,-0.8824613690376282,0.3058845996856689,1.0777744054794312,119.0,0.6040609137055838
id_31,RGCCSDVAADEVFPPASAYVFPLAELVAAGAGDLADRIAHEASDMTAGGAMRLLATGPSPPLRTLATELASVSTGNNTYALLRLRGVPGAVAAAAREAAPGGTSLLNNAQLPARDGGGINRSSPRQFGLVAHLVREVSTASPDSAARTQAVMRSGTEVGFPGRSVAGFAVAGGAPGWSSGWNAADGGVVVTPAGYTAAA,0.8466719985008241,-0.022400939837098118,0.6709553599357605,137.0,0.6884422110552764
id_32,QGAAFGRAGKYPSFQAASIMIPHYALIEEGDLRENEPVTMIKDLLPETGAALAKGKALPSTLLALMTMMVSYSDANLVSASGALGTADTAEAYLAAHGFHSVQVDSRCDDGQQLAGLRTTATAAVLYLTLGALTDPAAPGAYLYLGQSAISADGGPPAPPKVGSFAESVELGEFEDTGIGVVYGTIA,1.44920814037323,-0.8611118793487549,-0.2923724055290222,137.0,0.6989795918367347
id_33,SGKVLAVGGTDRWPAASTMKIPLLQEVDDGRIKLDERRTITKKDIVPNSPVLKYMVSKTYSAYEVYHAMLTRSDNTATNMLARRLGPSVRQQTLQDLGLKYIHIMHDRDMRAAQANLSNRTSPHALSRLLEAITTGKWLPDRQDLMLQMMFQTTGRGVIPAAAPSGVKIAHKTGRPLGAVASDAGIFTVDGRRFVVA,0.4661251306533814,-1.5113613605499268,0.2761492133140564,117.0,0.5939086294416244
id_34,NGESIGRRESQQITAASSIKIAIAHLVAYGKLQLSQRIVVKTEFVEEGQGACFQADPSFWKIWITLTLMITLSDSTGTNLLRKVFGNASTFNQYAQELGDKDIVSGGKMGNAAQYGRDNAYGPARAMAYALDAIGDAVAQNVGAQQMLDQIMQHQRDRERIAVGTEDRAKYATKSASLGRSTNDALIVYATRYLLLA,0.42236328125,-0.1340169906616211,0.028846569359302517,134.0,0.6767676767676768
id_35,AATEANIGRDEFVMISSYIKYHIERADLKGQLSQQEIATVPEELDYNGNGLYQYDVPGKTPLTVVFTRAEVLSSNNASEMVLDRVVGNSIVNGTLQGLGFIRVMLNVQTDTPAIRFDSSSSADLLGLLQMLGTNRLINAEQVAWVRLRSQYANESMLKPLPTTTWTNGSSSTVGEVATGAIAFATDTLYLAV,0.4710162580013275,1.1648296117782593,1.9283952713012693,139.0,0.7055837563451777
id_36,HGEILDVNNQRFMYAGSFPKIHLMRYAQGKQYDLDSTVAMPEEMFEGASGVLADLQGGRSSWTLLSTYMIVSSNNAATYAHGVLIGADLDQNACTQEWQLPQVAIHNPDDADARFVGIDNYTTAGDLVIKRGTLDTGDSTPANAIATRAIKGMQSARRFGSGLPAGGAYIARSGGGSLSDTAGGIIEFGERIAAAF,1.500678539276123,0.9244776964187622,-1.004568576812744,138.0,0.7040816326530612
id_37,ETFVCDHRRDQQYVAASAIMVPVLERAAAGGLLDHDPLKIRRARRYGGDGTITDRRDGTPPVLDVAAFMRQIMSSKAVLVLLSRPTPLEASTLRFQAGGGAYTSIHTDIRTDASPGDTSNSTSALAAMTLARYASRDNLGGPEGGAYAMKVRLQQPRRWSVAAPLGDGPPVAGKTGTKLMRFSADAGIAVAGGPFVAA,0.6856880187988281,0.2422083169221878,1.2332587242126465,134.0,0.6767676767676768
id_38,NGTIIHANGNEKFSMASSFKIPLVLKFEKERLFPEEKIYLGDIEYSNPSGIKDLQNKTPFSYLQAAKEAISYSDNITTNILLEQETIDNVDYLLAIDDSVITVNQGPEINAYKQDSDQTSAENSTMIILKLYNDQIISSNSFHKIIEFLRDMTDGTMLAKGLSKDTGIASKSGTMFTSITSDVGIVIDNSQPYVIS,-0.5739524364471436,-0.4187835454940796,-1.524498462677002,132.0,0.6700507614213198
id_39,AGKEIHIWEVDETYASVSTKLVLSSAAREHGILDLDSLVTLDKAKLAASGAMAGFAPGDYWDSMATREAVMSINTAATGLRVRTVTKIREDKFIFYTRTTNDPLATPEFNRADGNDTTTAMQMVGTALALSQSSTSSAETAVNSDIKVPLSLGPTFALNAAWYTKGKTSVNAVGIAAGAAIVEAQEPALVV,0.6744399070739746,1.005596160888672,-1.7875730991363523,140.0,0.7329842931937173
id_40,NGETLFYHNRDKRPFSMSVFGPMLAIAVAKEIRWNEIQRTASELPSLPPIPVFKPNGSYKPVHLKLMMRVDSSSTNNTAIILMRVKNQITYTFKHKGTSIAMVNNRLTPERFNQRKTWETEDVQANRLLSSRYADKIPTTKRAELIAFIMNRCDNKKALEKQRKKWVVSAGGDLQGHRYTTGEVILKQPGYIAV,0.6943767070770264,0.9633202552795409,-1.4718568325042725,146.0,0.7336683417085427
id_41,PPLAGVVKVLVVRAVERKALTEDDVVAVRRHDFHDPWGVAEDFPEDRSSRRWLITSAIVLSDSTATNQLLDRIGGPSAIDAYLRAMCFPDVVSDGRRQFGAKKAYLRNYTSAAGLAREIAKLEEGAALAEAKTAALRARAIRDPEPARLRSGPLDGFAAASKTGDFSKINENGAGVVEGDKGSV,-0.3273518979549408,0.3420971632003784,0.1199275478720665,131.0,0.6858638743455497
id_42,GRVIGKNADVRFTVQSVFKFLIAQAVDRGKLDLDQPVSYERADIVGYSPVTEKHVADTLTIEQLCASTIIESDNTATNLLLRLIGGPSSLNQFAREIGDRVTRLAREPDLNRTETGPYDTSSPAAMMRALQAITLGEVLSPSSQRLMIEWMTEQPGDQRIRAGLPAGVIIAHKTGTQGTSADIGLLYPGGRTPAVA,-1.9231550693511963,-0.6751899719238281,0.8821268677711487,99.0,0.49748743718592964
id_43,MLGQILNSNLQQPFAGGAVFMNAIAYYAKKNLLNFPERAAAKEMEVYGDIIMNNLDGKYPDSEVEFMHAMNSFNANTTNMHLLREGARANNFVKKLGDVSVGHLKPPPDQDDSVGKESISTLKTRSLRKILTAEVDTWADNDLIQILINQMGNDRLQLGLEVTVFNGTTSTARSDAGAQTVIAELPGPAIAT,0.6755483150482178,1.9136302471160889,-1.465614914894104,146.0,0.7604166666666666
id_44,NFYYTSFRDEHDQALSTMTVVVVAAAVAGGIAMLEERTVTPEAEESDAGGIMERPVDRTTELRQAAAMMTIITDTTAVALLLRVEGLPVQMRDAANRTMAHASRVGYRGTLNARGDQLPDGSSPDALATLLAHIAGGGLKSPSASQMAAVLITPQTDSIVRRGEAQGMVAASQTGTGDTVRRAGAGLLIPDRRPWLVA,-0.5025866031646729,1.4280362129211426,0.6212642788887024,138.0,0.6934673366834171
id_45,LWTGSIISGREFRFNSCMTSFKVLEDFAFGKGLLQKTITLKDRAPGDAAAGTNPWHPTTPSTLRALTSTQSWGINATARFVLLNAYNAPKVTIRLAGNLMSDSVRNSDPNADVSYPPLLGATPAIDTAAASLEAHKGNWKDAACEIFAGRRVGNSQNWHLVLGIGTKGWTKAGIPQRMLANILDGIFVTPSRSA,1.5726938247680664,2.2833611965179443,-0.005891725420951843,146.0,0.7487179487179487
id_46,MTGLAAEWAADRRVAAASVIKVPAALAADRGTLSLEDFITVRESDYAGGAVLAESRPGAEVSLRDLTAEMITVSDTTTSDVLIRVDGPAAAAALIKRRTMTGVRFDRNPDPEASADGRLNTGTPGDVTRLFLGIATGPVLAEATRQAADLFSCQQTDGRLSGQAGNGVAFASKTGSIDAGRSDVGIVKPGRARLTV,0.3384062647819519,0.5595967769622803,-1.2982876300811768,127.0,0.6479591836734694
id_47,RKNNSAVNGELTYPAASIVKFPMLEAEHAGSRKWTTQTVLRQDMVPGTGVYAANTASDLPVRALVELMIAMSDNLATNLLVDRAGQGEVVNAMLRTMVLQNTTVHHFADPHDKQAAGSGMTTAKNLSLGMQHLYAERVSSKERLYALIRFMRVRRDAGDPEAKGVGVAHGSSSFDDIRGDSGIGQLDGDRVVA,0.808345377445221,0.3833526372909546,0.02172255516052246,127.0,0.6580310880829016
id_48,RAATFRGDETFPLNSVIKVPVLEMVARGQVDVEHRVRISPSDVVAYSPATGRLTQGSMSVRELCDYSIRYSDNTAANALFDPLGGPAALTAFCHSLADAVTRADHSPQYSNIAPGERDTTTPRAMATSLRRLLTGDVLALTQRARLGEWLANSIGDEALRAGLPKNWTVADKSGSGGDGTRAVFAAVRPARAPLVIV,-2.445746898651123,-1.7190821170806885,0.2014644294977188,102.0,0.5151515151515151
id_49,SGATEGYNADTLYPQASTVKVPIVRAVDRGEHRLSQQPTIPANDLVEWSPVADSRSAGELSVSQLACEMITYSDNTATDILLDYVGGPSAVNEYTRRLGLHTTRLDRTPDFEYAPGGETDTSTPGAMVLTVKKLFTGDVLSPQSRSKLLALMQKTVASSILRSALPPGWRVAHKTGSDNGVMSDVGIVRAGGKRVVVS,-1.5970009565353394,0.5634620785713196,-0.6675291657447815,115.0,0.5778894472361809
id_50,SGWEVWGREQERFPALSTFKLTVAVRVGTGQHRLDARIEYEATDKEYFAGNVREFPGQAPSVREVLRKMMTRSDNYATNLLLREVGLVAVTGTFASLGDTDSRLNLNPDLAAIAGGVRNTTNPRAINMTAKRFNEGELSSPAGAHLIKGWMRNTQSLDRLAAALPADVRIASKTGTEHMRGLNDSALIYADGKAYAVA,-0.6925546526908875,1.031970739364624,-0.25499269366264343,119.0,0.601010101010101
id_51,RDGFAVGGEEPTVAASTVVIRHVTQKAAERRHLDETITVAQALLERGTGGLNAYDGQSASYPVASALMLTVSFSVATTLDIGCLAIQCADQRRRIGLFGTAIDRATDTMLDGPSAGDALAAAGLLNAMLSVTTAGKEAVAADTAASHRTYMVQSGLQEARGATFWTKSGAGDLGVRGDGAVVPVTIRAVPLAL,0.3829683065414429,2.733921527862549,-0.08076527714729309,140.0,0.7253886010362695
id_52,RNSLVTAKEEERITMASAVKYPVVGQVAQSGLDLDDRVPVEEDTVVAGAGALPWRDPADLSLSDARERVMTESDNTAANLVIDALNGPVDIAQHLADLGWSATRLDHLPDVNVNSRGPSDTTSPGAMGRLLRTALTSDTLSASARAWARDISVGNELHDKLPAGLPAGWTIAAKTGTDVDGVNDFGIVYPDGVRAVLA,-1.2599176168441772,-0.31966522336006165,0.7702943682670593,123.0,0.6212121212121212
id_53,LNGTLEINNASVYVTAQSIKKGIIALLSEKDIDKLQKVVLIKEDIVYEESSIRKEHGNAYTYYDYNFATTASSDNSNTNKIVLRIGGMKSDQIMLGEMFGHKTFPMNPALQNNYSTTKDYTLKNKKNLLDSYSTNSTVSEMTKTIERLNDNDLKALLDQKSMATWSTGSSIGAGTYDSINIVFNKSIYSITT,0.21098220348358154,-1.4064631462097168,-2.996959686279297,137.0,0.7098445595854922
id_54,PDASIDHRGDERFPMNSLFKTHLADRADGGQLKLDQRVPVTESDILVGSPFVKRRVDPGLSLRDLIRAVITLSDNTASNLLFRRIGGPDALTSFCQGLGDHQTHFQRTPHLNSKSGDRRDTGTPRGLTQLLRRVATGDRLTPRSQALLIDLMRNQMGDARIRAGMPEGWTIADKSGNIYDRANDAAVVRPGGAPIAVA,-1.4557837247848509,-1.6962221860885618,0.6793657541275024,99.0,0.49748743718592964
id_55,KDGAVHFHSEERSMLSILVKIFVLRDAVRRGLDELDRMVVNNAFFQGEDASMWRPEGKTIYLVITANITMMISSDTATNLCCMKIRGLLSAATHVKTNPGVLSRFHRDMIDSDYAGIGLSTTTEAMGTIELEMRDKDRLSSASATNMLIDTRQRNQYTRLVPGQEPTAISSTHSGSQPGFSCAANLMAVLPAGSEPVV,-0.8738453984260559,1.1320546865463257,-0.9780515432357788,144.0,0.7272727272727273
id_56,WRTYYYRWNEKFYYAATSVKLSCMAQDDAHRLLQWMEHVLTNQRVEDGGASVPIEPQPPTATMTVAARLKMSDSDSTNLMLILQFGDDKEHNAARDVTHIHADQRDYYSRDDQGTAAVAAAGLQAYLGRRRTSPSPTAGADEMLLTQTGDTGDRAVLPRDWIVGVRQGNGYVLRSSSGSVAGIIEEKAVLAM,1.247780203819275,1.7460923194885254,0.8485750555992126,140.0,0.7291666666666666
id_57,MGTNTTYNGNKVFPMASTYKFPLLEKVDLGKEKLDKTIPVNKSDIVPYSPITEKKIGKQMTFKELIEASITYSDNSANNKLLRLLGGPTQLNKYLHSVGYKSSIDPNYKMNKFSKDKTDTVTPKAMAKILKKLFNGKPLQSKSKLFLGNWMNTTTGAGRLKAGLPKGWSIADKSGNGSNGALNDVGCIRPHGKPVFVA,-1.8412673473358157,-0.3040603995323181,-0.24678704142570496,113.0,0.5707070707070707
id_58,KTGKLLHINSAQRFMILSTFKIVNLRMVHQGDLRLTDTLKFPDMVVASGAGAMKNASPLSYKIEIAVMHAASYNDAANKNLLIARLDGADNVNAYFAGYGGDVFFHRRDIAEPALSNSSLGTAVADNMVRFLSRFYNGSCPDPSASRILAILRTSKTRDGLSLGTPPAVAVAGGYGDDGTMIHSNIAIMNGNIYYAI,0.022970469668507576,1.042568564414978,-1.0913702249526978,129.0,0.6548223350253807
id_59,GALLSIRGDEQFVAASTFKTWLMDAIESGKMRPDQRVTVMARAKEGYAGIMRDNRNADMTVRELARVMVTVSDNTATNIVLRQIGLDAVAEYWRKIGYNETQLEGNNALTGRDGGFTNTSTPREVAKLLDAFLYGSVLSTATTATIRGMMKNTTGGGRMRSGLPPEAVVSGKTGTQYGIRNNIGVVWPDRAPIAIA,-0.9534062743186952,-0.6661413311958313,0.3533788025379181,123.0,0.6212121212121212
id_60,DGAILSWNETDRHPAMSTIKVPIAMAVKSGKIAPDQILRIKDIDLGNFSGWMDESPGSDFSVYDAAYEMIIYSDNIASNKIIDLLGKSHVNQFFQALCRKTMTVERLPDTEADDLKSPTPFDMLLGIASILKDPILDPESSSEMADAIMNSRTDTTLREAIPSGANVADKSGSNSETRCITGIIHAAGGPYIYV,-1.2239331007003784,-0.1590827703475952,-1.371819257736206,127.0,0.654639175257732
id_61,GHQTNTIRGDEAFPMMSVFKLLLVYRVDRGRLARDATIILSPANLVYSSDVRDPAAPTEMYTLALLQTALALSDNNSANVLLKRVPVHVTEAFREGGIDRSTLDANMDVERIEGGVPGTASPRAIVRGMMRALDLRALREASQRRVLAGMTLRTGRRDLAAGLSGNVPAAGKTGRTVAFDAGLAITTG,-0.3806192278862,0.7897908091545105,1.6142129898071291,121.0,0.6205128205128205
id_62,YGETFSRFKAGELYTASVTKLPIRRAVIGGRFKLDERLTYTEKDLPGGSGTMNYAPGGQYHLKSLLKSMQILSDNTATNVVYDRVGPEVENKLLNRKELNASIIKAQMDNPDLQIIGTNMSTTAELVALLESAYTQKLLSVDYNMQITSILSLSRFNEKFGQTAPDDARIAHKSGNQPLIIHDIAITDRDSQDFLIV,0.3308985531330109,-0.04722829535603523,-0.6590672731399536,132.0,0.6700507614213198
id_63,GNQTFRYNNDLWFPIQSTSKFHVAAELDKDKITLEDKIMIRKSTGYTLNMTFQEDSNFAANVMLRFTGGPKGVDRTLRSLGMASVRVAWDQDIPRLEFDDINTTTPSAMAQSIQKRWFQEFLKKPSTASIWGTMVSTVVKNGLVAALPEGYKVAHGAGNTYSIAGMSGFIYAHDRRYAIS,-0.6863580942153931,-0.1808214634656906,0.14242428541183472,128.0,0.7111111111111111
id_64,MTSETVIGQADKYPISSLVKIAVARAVRAGTLTDSARIVVDPSRDLGYAGIRAARHIPERSILRLIRLAEVDSINTATDLLLARSGGTRATANRLRGLGFARFRVYTPRRRDRLDLDPRVGSSAAAALRLVRAAWDHRADGPPVLTAMLRVHGRWSTLGAGATSPMPGKTGTLSVIAAEAGGAVTPGLRVGV,1.1651376485824585,0.5076602697372437,4.062113285064696,130.0,0.6632653061224489
id_65,RTTVAVRQDERFPMASLFKALVLQQVLRDGLDLGTRVTVPDKDVEPGAPVTERHAGETVTIRDLLDAAITYSDNTASNALLDLIGPASVDAFMRALGFTEMHVDRSPLMSDIDPGARDGITPRDATRLLMALVTGRTLSPAARAVLRDMLDAAPGPDRIAAGLPENVKVADKTGANAGIRSDIGVVRPGAAPLAVA,-0.7651756405830383,-1.7069175243377686,-0.378820538520813,110.0,0.5527638190954773
id_66,VGEEYDVNPFDVYKSASVLKLPLIKRLDAGRVSWMEEMTVTREDVAKGTGDVFKRGPVCPLRDLARRMITVSDNGAALLLLDRVGLEAVDERIENLGGGTTLVRHKEDLRAQAEGVDNTASTADLARLLSALDKRVFAPSPGTAALIEWLAQSQDRPVLPASMASGLSVAAKAGSSRGVRADAGLVTPTERDFIPA,-0.5073410272598267,0.10324526578187944,0.04909377545118332,127.0,0.6446700507614214
id_67,HGNIMLWQDTPSVPACSIVKLPLVEKADHRDKNLMKVRFLSQADLVGHSGIRSMEPGSTRSVSMLMRMAEVCSDAVTANDMLAAMNGKNHDVAALRADNPAGTHIVTNPSLDVSFRQYIDTITPRAASGWLFMVSADSILKDQHSAFAIGIIAKDLREDSIGPSLPDLTSISSKKGCGKATTTGGIGFVTEGAGITMIT,-0.008507092483341694,-0.27751097083091736,-0.2642730176448822,143.0,0.7185929648241206
id_68,KQGEYAYTEDNPFYAASTIKVAVLEDIAKGTIKWNEKVTVVEEDKLLGKGILREMKGKQMTYTQLLKKSISYSDNSAENIIMRKVGGKNNSKEKMKKLGGIDLKKNNKIHNDVKWTNENNTTTAKDMAIYINAILQSDNLRASESILLIDEYKNQTVDSRIPGQLPESVKIGQKTGTIYGIINDIGFIYTQTGPIIYS,-0.12721607089042666,-1.0673390626907349,-0.3276473581790924,128.0,0.6464646464646465
id_69,SDGFYWQHNDHTCFAACSIKPTVILKAHHNDRFYDGMLVPKGDLVTGSASDVMRDNGNYNYVYNSAASMMYSFDDANNIATRVAMMYKLAAHAAASEEAEGTEVVLRKTDVLDKISTATSWDVMVAAEAVRQLTPAAPGDKRKDSLGTVSAPGKVAALLSFTAIGAGTSEAGVLVVDSRVVIIAL,0.3680660426616669,0.5391657352447511,-1.4980014562606812,139.0,0.7513513513513513
id_70,IASDAQYVNAAPEMVLQSSLSIPLAKHVDSGRQSAMDSLVLRSADDVAWASVLTHPSKERWLADALLTATVSESDNTACLLQERLVGLTQKNEYARRFGGERFRVTPDDQFGRLNSTSPDSLGMVLALQRCGAPMTRSAVFALDGTGTGPGNQRSPAGLARWYAFGHTTGTGIHAADNLVGVTGAGRRIVL,0.7134250402450562,-0.8500036597251892,-0.4233703017234802,131.0,0.6858638743455497
id_71,QGGSVSVGGDTEFALLSTIKVSLAQQARQGEIQPEQTFPITRADVAPGAVIWSDKGAGSLRIRNLATLALTYSDGVAANLDLARVGGPTSVTAAWQALGPTRTDYPRADSAAPADGPDTATPRGMAALLDAIGRGPGLSPAATAQLRTAMIRRTSDRRSGAPGDIGLADKSGTSLLDRRADYAVVRGGYT,-1.2046545743942259,-0.33261093497276306,-0.2495472133159637,123.0,0.6307692307692307
id_72,TGDSLDYNASHPFPYASLYKVPILKQISDGSLKLDDFVRYNKEDKQGGAGILQTLAGPTFTVEWLSEASVRMSDNTATNMLLDRVGLASVNEVIAALNSKHSVLVRNMDFEFWDSTGPNTSTSKDALGFGTALYQGDLQSPDAGIMISVLGNTKANVRLKAGFDVPNVVAHKTGDIGIVYNDAGVVFYPNQTVLVV,0.2827215790748596,0.17171844840049744,0.9833369851112366,126.0,0.6428571428571429
id_73,GSFIAEGAGERFSAAGAVTVPVVRRRDAARLAGLEAGRMTRTAFETGSGRDGTWQAGSTRVLVLLTAVWMISDSTSTVTLLNAATGAPPLNRAVTTAWGAITDIQRSPGDAGFYGAAPRRTSPPGEMLALGTAMRDGAVSPPSDQRRLMKFTLRARDRKRGAGSVPASGVASATGTAPARSLYLAAAAAADGDRPATVA,0.2403523325920105,0.006956520490348339,0.8632230162620544,141.0,0.7085427135678392
id_74,NEEKGILYGDRFLPPQSIKIFWLQREDAGGRVLPPDEVVTNYEMVKGSISARISKFGRRTTLNELASMMIIYSSNATNYLILLAKGGGVPITTIKDVGLGDTRVINPMAQNAFDRKEGVNSIGTATFRSIMAMQKSRFDDLMEMYINAKNQVFSGDAGVPALKLEVFKKTNPKGGDELTAAAIYFLSKKQAIVV,1.0950448513031006,0.7444876432418823,-0.3203929662704468,137.0,0.7061855670103093
id_75,SGTEFGTQADQAFVQQSTVKLLVTNRVERGQESLTKNIVFRKEDELGWSNILNFHGGKTFTIRYAVKAMISYSDNTASNLILEEIGLDALDQYIAEKGFSTTFDGKPALEIDAEGIENTTSTRITADLLTSMVSNELLSDSVNKFMLTILRAVRDDQKLPPSMPKSVQAGTKTGTGDPGAVNDIGIVIANEGPFAVV,-0.4262682199478149,-0.30936551094055176,-0.19733421504497528,127.0,0.6414141414141414
id_76,EWFTGTVADAAYSIASIRILYLVRAADARLTVLTEVAELNPAMRTGRGGVVPFAKPSPWSMRYLARLMIGVADNTATVALGVLTRVPAVADNAALNVLAHTVVHSLAGPARYDAIRFNRGPADAAAALLAGAERHSRQVPTSATRIMLVARVREIAEDPLVREVAVSHAVWAVGTYVG,0.7332833409309387,0.3451412916183472,1.135828971862793,129.0,0.6548223350253807
id_77,SGNIKGYQQSVHFPAASLYKLPIGEAVDHGVHELDQSFQMRSSDYTEGTVMLKPYVGTGWTIKYLLDLMITQSDNTATNMIIELLGGVAAVNKSIKERGLSATRFARGMDLNAYDRDYANRSSARAMARLLSAYSLGDALAPESKDRLLDWMDRQTGDGKIRAGAPDNFIIAHKPGTVTAQASDAGILDMNEHRVAVS,-0.6870828866958618,-0.7095661759376526,1.2082489728927612,122.0,0.6161616161616161
id_78,RGQSELLQGNEVFQAASTIKVMIAERVRAGLKDPDKKIVLTDADRVAGSPALSQRRGGRLVFHDALRQSLRVSDNVAANLLITRVGLDTHTNLMAEHGINDVQPVQGWDNEVYDKPYNNAITPESYTTALHDLMARTLLPPSATSQIIDCFRSQASQRGIRLELPQGSRVAGKSGAVPAGRNDIAIVWPGGGPYFVA,0.3252148926258087,-1.5088282823562622,-0.239023819565773,129.0,0.6548223350253807
id_79,LGGEASFNKQGVFMMASAIVPATLAAVDRGEIVADPRVHLRLSIDDAGASGANEPGQPPYERTQLASEAIQISLSPATQLQLERVGGVPELNGFAEAGGYIQTSINQPYLAGDSGTTNPKELALIYLRMNYTRLSHNGGTADLAEFMGKNAFNDLSDSRIAEGARLYNKAGEAGSDVYNDVAIFMGASRDILS,-0.16551582515239716,0.9846947193145752,0.5282572507858276,130.0,0.6735751295336787
id_80,IGQAILSTGDRLFRMASIAKVPILDKHDLDRIRLAEKLTWTQIAYTTPSGILVAHNGGYYYINELATTMIIISDNTATLMLKDRLGEVGALAARLKSKGFKDSVFAKEGDIITCAREMSILLYKMNRGPSVSAHGREQMMTVNKHKNDKYIIPRQIPKGQHIAHKTGEKTMTSNDAGLVEMDQKDFTVS,0.5046228766441345,0.021232353523373604,-0.18537402153015134,125.0,0.6476683937823834
id_81,QWNCLIHNSTDKVPMSSIIKPPILQADKQGAIKLEELRKIKPIDMVSFTGIMQYSQKKKYSIKYLNNLAIQESDNTATNKIIELLGKSNVKNMFGKDGLKKTNINKLDKENTQKNNGLNSSTPKDMSLLISLIYNDKLIGKNYNNLIIITMEKSQNNDNIKAELPEGAKIAHKSGNSSGSRHDMGIVYMNQKDVALC,-0.3268932700157165,-0.1478564441204071,-0.22465993463993075,127.0,0.6446700507614214
id_82,QGEQFSVRQDERFPIASTVKVPICTLMQAGELSVDEIVTLKPVDRLPNSGILDGMPGVTVSLRDLAHAAVSISDNVATDLLLRIIGSADAVQRWWTSLGFRDIQINGPRAMQAEPAGNLNDSSPLSAARLLDAIAKGAALKAAQVLNWMAAQTGPTRLGGPLPPVADVAHKGGTLGVIANDVGIVTADSRPILIA,0.4835973381996155,-1.167932629585266,1.3370038270950315,117.0,0.5939086294416244
id_83,SGRTLWGNGEVAFPTGSTFKFHVADAVDQGKLSWNEQITVREGDLADMAPVSDKEVGGRISLRELCEVTLGRSDNLAVNYLIKRVGGTAAVDAFLKDSGVDASRIDRNPFVNAHLKDPKDTTLPAAMVTSLARAALSSFLPEGTPHLFGRLRTQTDPGLLRAGTPAGWSVSSKTGAIKGDARNDAALVTDARLVA,-1.4811344146728516,-0.5870923399925232,-0.9749131798744202,112.0,0.5656565656565656
id_84,PVDTVFHHKGSTPLMLSSFKKALLRKLASHQTLQTMQVISEKKMVVGSWSTGAYQRADTSWLIVMASNRMMSYSTNATMLVAQLVGGNIAHIYTAAEWSPDATRLTYAERREGGYKRPDNKVSTEAHVTGLLLTSYPDVSNSASASEDRIAGLLANNLAAVPRLPLPFAAKVGTGSSSDGYKLGSVVAIADVDGTPLVF,-0.1602293848991394,2.456128597259521,-0.8940702080726624,145.0,0.7286432160804021
id_85,IGEVFEVNEDETFPLASTLKFPIAALVDKGKLDLNQKIKISDSDLVEWSPIRQAYPNNTVSVQDVLKYAVAQSDNSAADILLHYAGGTDAVQHRMQMLSLKDVAIGATEALRAQSVDKNNTTTPNELSQYLRSLLPGETVSQAMIDIMVDQVGNSHIKPALPKGATVAHKSGSGTAARNDIAIVELPGGHYLVA,-0.010771675035357477,-1.1559875011444092,-1.1594945192337036,118.0,0.592964824120603
id_86,SGVQATLRGNDPFRIASTIKVPVLSAAAAGRLAWTDTVPIHDRASLAGAPKLRKRYGPEFTMRELAERSIEDSDNSAANMLLALLGGDNVQAFLRALGGCEMNLDRPPEADSESAASPRAMARILLALTRGSVLDRQSLRQAMAGKTTGDRSRGGFPPGVIVADKSGTIPGVRADAGIVTNAQAPYAIA,-0.7362530827522278,-0.4424550533294678,0.8875126242637634,117.0,0.6190476190476191
id_87,SWQFYTVHSQTSFYQLSMVKAVIPDLIEKGFFEWDDTIPVRESDIYGGGGILWNYKVPKLTSEYIFEYSIEYSDKKATNLAIQHAGSGGNVNEFMTMLGLGALVSRNRPDLQGRTNYSTAADAKSRLQGLGEHDALPAGAVALPIFLCGNHSDKAPVGLVRTANVASKLGATSGVADLGILYAPGQRYVMA,0.06646768748760222,0.3031056225299835,0.8068140149116516,130.0,0.680628272251309
id_88,MGEDVSFNGEQRFPYASTIKIPILEMVDKGKLFLTETQKLSDSHWADYGPAMQNKPNTTMTHIEILDKMMSISDNTATNILIDLINGAKRLNADFSNLGLKNILINRNPDLEGKSADKKNCSMPKELVRTMIHVNSGEFIEKESKNQIITILHKSRNNVALAAGLPKNYRIAHKTGNGNRVRNDAGIIFLQDKEYAII,-0.4293302297592163,-0.9699455499649048,-0.9391554594039916,117.0,0.5909090909090909
id_89,TGRYVGVRADTRFPMCSTFKALVVLQVDQGEWRLDERAYVKPADLEDYAGEAGTLSGSPLSVGELNWATLTVSDNAAADLMLRRVGGLVALNEYWRSLGAAQTAFDRGPDQHDFAADPRGATTPRSAARLLSQISLEDALSAAGRAEMLDWMLCATNSQRLASGFPEGWRIGSKTGDLDRMTNDVGIIAPPGARYAVA,-0.41138917207717896,-0.0345490500330925,0.7591460347175598,106.0,0.5353535353535354
id_90,HDGAVAYGHADYVTSSSSVIKIAIARTHDKGLFTDQQRQYREEKKLVGDASILTHRAGAYVRADALVIMVVSSNNNATLLSQGIPKRTAYNIMYAGPGVVSQRVGLDDEDLNDTSTSVRAGRLIVGKYGKAPISTSEMRCYMRAVLRTQYFSTLAPFINRGGHVV,0.2922338545322418,0.11207521706819534,0.8086560368537903,133.0,0.8012048192771084
id_91,YGHITGLKTEVAHPLLSSVKFVIAKLVDLRELDLKRRVEVDASFPLPYMSTRAINKNQYLCTPELASMRMQISSDNTASLMIAGTIGSADLSVAIRKEALWQMHLDFVLRTESAEQLDVNTGNSIEQALLLATARQEPVPDHHQAASIELRFLLSGDSLKKSTGPLPSADIAIGASTTVTPGDSLAAMVKAAAQPLAA,-0.018012948334217068,1.4745081663131714,-0.2787620723247528,143.0,0.7222222222222222
id_92,SGEYYGQRADGKFPLASTIKLNVCSLASKGKVSLDSRYTVQISDYVEYYGILKYLANSAISVAELCTATITVSDNTATNICLSTIKGLDKVNQAIESMGIATTATRRGMDYNALWADPQNTTTPNAMSDTLMLFIYSDTLSKSSNEQIISMMITNKSRQKLKAGMPENIKVSNKTGTNPRARSDVAMIDADKSSIFFS,-1.0519598722457886,-0.506186842918396,-0.2950347661972046,126.0,0.6331658291457286
id_93,GRNIIVRRSQEKYFAAQGKILLLQQLQTAKIILEEKVLILRDIIEAGSMISTNLSGNKASLDLTLASLMTASDNTYTTAVDHLFGFLKAVNAYIRSLGFVAANLDNNPNLEPWLAREEKVNMTTDMLALMGAILETALSNYDIGEACLSIATSKSALTGSLEAGAKEWTKSGSKGGVKNRTGIIYADFLKHPIAV,2.0129473209381104,1.4064726829528809,-0.3106442391872406,141.0,0.7230769230769231
id_94,TGLAVDVRGEATFTGASTIKVPLAERAANGGINLSQSIIFRAKEYVEGAAAMNVHVGQGMSFRELNEYSLTYSDNTATNKLYEILGGTLNVNQQCHSLGDAQISIYQNWDRDLSTPRAIGTLIQRLIRNSLLSDASTQLAAGILTNYIRNNRIDQYIPNGAQVLHKSGTGLSSTTNDAAVVQLSCSPFTVA,-0.3094488978385925,-0.06378862261772156,-0.3217861354351044,127.0,0.6649214659685864
id_95,RWREAYGQGERPQPLQAMITFAAAIAADAGRLDDRIQRLVARRETVVAGSTRATRGGVRSTQPAIWLLRKSETSLNGVCCDVALPDRNGFTRIARVLRGQIRSPREDDAAAADGGSPRTAPPRAIALMMVAAGRGRVAGSRSRDLRKQALFSTDGRLRAGPGVRAGWGSAGKSQARHRDTGSGILVTLGDAAAA,-0.5177481770515442,2.33634614944458,1.317170262336731,139.0,0.6984924623115578
id_96,LWLRADDVLPAGSVVKLPILMYVLQKTLTLEEPIRLPDALAVPGAGSAGYLDPGDLPLRDVLTEMATVSSNTATSVCISRVGDRLRLDALLAQMAASDTSLLRLFENGAPTIDGVARGSAEQLTRAFTALQEGAALGASASDVARAQMSIYEFKCEQPAPFLSYAFKNGSGLQVMHQGAILYAQNNAVIAV,0.8531790971755981,-0.14978104829788208,-1.198447585105896,132.0,0.6875
id_97,DGASVGFNGDEPFHMQSTYKYPIAEDVAENRDTMTQKLYEKQNVLLSHQPALKPLVGDKMTVKELIEYTVLYSDNTAANILLERTGGEENVTDYWHSLGYQQIRLDRRPQMFRSTSTESNSSIPKGMLRSFDKLITGEILNNQSTGKLLQVMATTPGGDRLVAQLPEEWKISDKTGALSNGTNDVALITPNSERIALV,-1.0300287008285522,-0.3143502771854401,0.4806495606899262,123.0,0.6180904522613065
id_98,TENILNFPDTHFHIMSSSKVPVCLTEVSQQQAPINMPPDIDDAYKLKSGWIFNFTVRKTIPIMALMLMMVISSNSACKVMLNQFLGKDENTKDCIGQQVIHNTVFRKKSLSEYAVASQTVVTSANEIALLAAFIDDGDRADLNTATIAFDMGVRTLMNSQGDALPTDPFVAAHSGTLGSGRCTEEMAVAAGSPIAC,-0.10068679600954056,0.5178834795951843,-1.290310621261597,146.0,0.7448979591836735
id_99,QNERFGYNSSFRYVLAILMKFPLANQVLQREILDDDDITISPEQLMEGSPLMACFPGRETYVTYLLYATMSESSNSNNDLMLDRLGTGSVEQTAEDLKITDIEIHADNKLQRVDKWNYNQISADAMTATLLDFADQNIKYESSLVYNTMSSQRFPDRAKGPRPKSVLTQHKTGSGFLAKCSDSGIITVGGRDSVVA,0.4128982126712799,-0.2323120534420013,0.5641151666641235,135.0,0.678391959798995
